"","Genre","Movie","abruptly","absolutely","action","address","adjusting","advances","afternoon","agony","aisle","alarm","alert","amazing","among","angle","angrily","animal","apart","apartment","apparently","appreciate","approach","armed","army","arrived","aside","asked","asleep","attached","backwards","ball","balls","band","bangs","bank","barely","base","based","bathroom","battered","battle","beach","beam","beast","beauty","bedroom","beginning","belly","belt","bends","beneath","beyond","bitch","blast","blasting","blind","block","bloody","blowing","board","bodies","bolt","bolts","booth","boots","bottle","bounces","brain","breakfast","breathe","bridge","brief","brilliant","bringing","brings","broke","brother","brothers","brown","brushes","bucks","buddy","bullet","bullets","bumps","burn","burning","burst","bursts","busy","button","buttons","calls","calm","calmly","card","cards","carefully","carries","carry","cars","catching","causing","certainly","chairs","changes","changing","charges","charming","chase","checks","cheek","cheer","chief","child","children","chin","choice","christ","chuckles","cigarette","circle","city","clearly","clears","climb","climbing","closed","closing","clothes","cloud","clouds","club","clutching","coat","collapses","color","comfortable","command","company","complete","computer","concerned","consider","construction","copy","corridor","count","counter","covers","cracks","crap","crash","crashes","crawling","cross","crowded","crying","curious","current","cuts","cutting","danger","darkness","darts","dazed","deadly","deafening","dear","debris","deck","deeply","descends","desperate","desperately","despite","dials","died","dies","difference","digs","dining","dinner","direction","directly","dirty","disappear","disappearing","disappears","disbelief","display","dissolve","distant","dive","dives","doctor","dollars","doorway","double","doubt","dozen","dozens","drag","drags","draw","draws","dream","dressed","drinks","driver","drivers","drives","driving","dropping","drum","ducks","dumps","dusk","dust","dying","earlier","ears","earth","east","echoes","eight","emerge","emerges","ends","engaged","engine","english","enjoying","enormous","entrance","equipment","erupts","escape","especially","evening","everybody","everywhere","exhausted","exits","expecting","explain","explode","explodes","expression","extends","fact","faint","fair","falling","familiar","family","famous","fathers","feeling","feels","felt","female","field","fifteen","fifty","fighting","fights","figures","file","fill","filling","fills","film","finding","finishes","fires","firing","fish","fist","flame","flames","flashes","flashing","flesh","flicks","flies","flight","flying","focus","forced","forces","forehead","forgot","form","forth","forty","frame","framed","frantically","freeze","freezes","fresh","friendly","frozen","frustrated","funny","future","game","garage","garbage","gasps","gate","gather","gaze","gear","gently","gestures","giant","given","giving","glance","glances","glare","glares","glasses","glow","goodbye","gotten","grabbing","grass","grim","grins","grip","grips","groans","group","growing","guards","guests","guns","halfway","hall","hallway","halt","handful","handsome","happening","hardly","hasnt","hearing","helping","heres","hesitates","hill","history","hitting","hole","holy","honey","honor","hood","hook","hoping","horrible","horror","hotel","hours","human","hundreds","ignores","imagine","impressed","inches","incredible","indicating","insane","instant","instantly","interesting","interior","island","itll","jacket","james","jerks","jesus","john","join","joke","keeping","keys","kick","kids","kills","kinda","king","kiss","kisses","kitchen","kneels","knife","knock","knocking","knocks","lady","laid","landing","laughing","laughter","lays","leading","leads","lean","leaning","leap","leaps","leather","less","letting","level","lift","likes","lined","list","load","lobby","locked","longer","loose","loses","losing","lots","loud","loved","lovely","lower","lucky","lunch","lurches","main","major","male","manage","married","mask","mass","massive","match","material","members","message","mile","miles","mirror","mission","momentarily","moments","monitor","mood","motion","mountain","movement","murder","naked","natural","nearly","needed","nervous","nervously","news","nine","nodding","noise","none","normal","nose","note","notice","nowhere","nuts","oblivious","obvious","offer","offers","officer","opening","orders","outta","overhead","pace","packed","page","pain","paint","pale","panel","panic","pants","papers","parents","park","parked","parking","pass","passengers","passing","path","pats","pause","pavement","peers","pencil","perfectly","personal","phone","photo","photos","pictures","pile","plain","plants","plastic","plates","playing","plays","pleasure","pocket","pockets","pointing","police","pool","poor","pops","possibly","pound","pounding","pounds","pouring","pours","powerful","prepares","present","private","problems","promise","protect","proud","punches","quite","race","races","racing","radio","rage","rain","raise","rather","react","reaction","reading","realizes","rear","reason","recognize","recognizes","reels","releases","relief","remains","remote","removes","report","responds","return","revealing","reverse","ride","ripped","rips","river","road","roar","roars","rocks","roll","rolling","roof","roughly","round","rounds","rushes","sack","safe","safety","sake","save","saved","scans","scared","scrambles","scream","scurries","searching","seats","seconds","secret","section","security","seem","send","sends","sense","sent","serious","setting","shadow","shadows","shake","shaken","sharp","sharply","shatters","shed","shelf","shifts","shirt","shit","shock","shocked","shoot","shooting","shop","shots","shouldnt","shouting","shouts","shoves","shower","showing","shrugs","sick","sides","sidewalk","sideways","sigh","sighs","sign","signal","silently","simple","sing","singing","sinks","sixty","skin","skull","slaps","sleeping","slide","sliding","slight","slip","slips","smaller","smart","smashes","smell","smoking","snap","snaps","snatches","snow","soft","softly","solid","somehow","somethings","sort","source","speaking","speed","spin","spinning","spins","split","spots","spreading","sprints","squad","square","staff","staggers","stars","startled","state","station","steel","stick","stomach","stone","stopped","stopping","store","stories","straightens","strange","stream","street","streets","strength","strides","strikes","strong","struggle","struggles","struggling","stuck","studies","study","sudden","suits","support","suppose","surface","sweat","swing","swinging","switch","switches","tables","tail","tall","tank","taste","team","television","telling","tells","terrified","terror","test","thatll","third","thousand","thousands","threatening","throughout","throw","throwing","thrown","tied","tiny","tired","tires","tone","tongue","tonight","tosses","total","totally","touch","tough","town","track","tracks","traffic","trailing","trash","tray","trees","trembling","tried","truck","truly","trust","truth","tumbles","tune","tunnel","twice","twists","type","unable","unconscious","underneath","unfortunately","unless","upper","upstairs","useless","uses","using","utterly","various","video","violently","visible","waist","waits","wake","warning","waste","weak","weapon","weapons","weeks","weight","weird","west","whatd","wheels","wheres","whip","whips","whisper","whispers","whose","wife","wild","wind","windows","winds","wipes","wire","within","womans","wonder","wondering","wooden","worked","worry","worth","wrapped","wraps","wrist","yanks","yard","yellow","zero","agree","alright","angry","animals","answers","anybody","anymore","arrives","asking","awake","aware","bare","barrel","beating","becomes","beer","bird","birds","bite","bites","blank","blasts","bleeding","blown","boom","born","bother","boxes","built","bullshit","bunch","careful","certain","changed","choking","class","confused","cool","country","covering","crack","crosses","curb","curtain","dance","dangerous","deeper","definitely","directions","dress","drinking","dropped","eating","eats","effect","evidence","excited","exploding","extra","facing","faster","fell","finish","finished","floating","forest","freaked","fuck","fucking","gave","glad","goddamn","grow","grunts","harder","heading","held","helps","hiding","holes","hospital","hurries","including","instead","interest","jams","joins","jump","kidding","killing","leader","liked","listens","lived","locks","looked","louder","mark","marks","means","medical","mistake","month","months","motions","moved","movie","muffled","names","neither","notes","pack","parts","peace","picking","pieces","pissed","planet","post","pour","presses","pressure","questions","quit","raised","reacts","realize","relieved","remaining","ripping","school","seated","service","seven","shape","share","shoes","shuts","signs","size","slamming","slows","smash","spent","spits","stays","steam","sticks","stretches","strike","stumbles","style","supposed","surprise","surprised","swear","talks","tape","tear","tearing","till","touches","towards","trip","twelve","upon","valley","vehicle","voices","warm","ways","wears","werent","whether","whispering","whoa","whoever","wounded","write","writes","writing","yelling","yells","arrive","attack","awkward","bigger","blade","books","cell","clicks","confusion","contd","cries","destroy","doin","duck","eggs","evil","forgive","furiously","general","gentlemen","glancing","grows","heavily","helmet","hide","hops","hungry","hunting","hurry","indicates","knowing","larger","learn","lines","meat","memory","narrow","officers","older","outer","particular","passed","placed","prepare","presence","progress","pump","realizing","replaced","respect","scattered","search","sending","settle","sheet","shift","ship","simply","situation","song","soul","star","starting","storm","studying","taps","teacher","touching","woods","worlds","amount","captain","cmon","forever","games","however","impossible","mess","named","north","perhaps","wanna","yesterday","american","marked","shall","whered","worried","wonderful"
"1","Action","Batman.txt",2,2,5,3,1,4,4,2,2,2,2,1,5,38,1,1,1,20,1,1,1,4,4,1,1,2,1,1,1,1,1,1,1,4,2,3,1,9,1,1,1,1,1,4,11,4,4,25,5,10,2,1,3,1,6,9,3,2,1,2,3,2,6,1,1,2,1,1,1,2,1,4,1,5,1,1,1,3,2,1,1,5,5,3,3,4,6,5,2,8,1,4,1,3,6,6,1,1,1,19,2,1,1,2,1,1,3,2,3,6,1,1,1,1,1,1,2,3,2,2,5,42,1,2,7,2,3,1,1,4,3,3,1,4,4,2,1,2,1,1,12,1,2,3,5,1,2,3,5,3,5,4,3,1,1,1,1,5,3,4,2,3,6,4,1,4,1,2,1,11,1,1,1,1,2,1,1,1,2,2,1,3,4,13,1,2,1,2,5,10,6,4,3,3,14,4,11,1,1,4,3,3,3,2,8,3,7,3,7,3,1,2,2,1,6,2,4,4,1,4,4,2,6,2,3,2,4,2,1,1,1,1,9,4,3,3,6,2,17,2,9,1,1,2,1,1,6,3,2,3,1,1,4,8,2,1,1,4,2,1,1,3,2,1,1,1,3,6,1,3,5,7,3,1,7,4,1,3,9,6,4,4,3,2,3,1,8,1,1,5,3,1,5,2,2,12,3,4,6,5,4,1,3,1,1,1,1,3,3,6,7,1,6,2,3,10,4,2,2,4,4,1,1,5,3,1,2,4,1,3,6,4,1,3,2,2,3,1,14,1,10,5,2,6,1,2,1,2,1,1,6,1,1,1,1,7,4,3,1,29,3,1,1,8,1,1,6,1,2,1,1,4,1,1,3,3,5,1,1,5,2,2,1,4,4,1,2,1,4,3,4,2,2,3,1,5,1,6,1,1,2,6,4,12,1,4,12,5,2,4,1,2,5,1,4,2,2,1,7,1,1,3,1,1,4,2,2,2,1,3,1,2,2,4,2,2,2,5,6,1,2,1,2,20,2,5,1,1,2,2,1,2,12,2,6,7,4,1,4,1,1,1,1,1,4,2,4,2,6,3,1,4,1,1,4,2,1,2,1,1,3,2,2,1,3,2,2,24,3,1,4,4,3,1,2,11,1,2,4,12,3,7,8,2,3,9,2,15,9,2,1,1,1,13,5,14,4,4,1,2,3,2,3,1,4,7,2,1,17,4,3,2,1,1,1,1,2,2,2,1,1,5,3,1,1,1,1,10,7,5,3,7,1,1,1,6,1,2,2,3,8,2,2,1,1,2,2,1,2,5,3,1,2,4,3,2,1,7,6,9,2,4,1,14,3,32,3,4,1,2,1,5,2,3,6,2,2,3,2,6,3,1,2,16,3,1,3,6,2,4,2,1,2,3,6,2,4,3,2,1,5,1,1,3,3,6,7,2,3,5,2,19,2,2,2,2,3,6,3,3,1,11,1,1,2,10,5,5,2,2,6,5,2,1,1,1,1,4,1,1,1,1,1,2,1,2,3,4,1,4,2,1,2,1,6,1,1,1,1,7,1,3,3,1,4,4,2,6,5,3,1,1,5,1,1,10,1,2,7,1,2,3,12,1,7,1,74,12,1,5,2,3,1,2,1,2,1,4,7,2,2,1,3,4,2,4,3,1,2,1,4,19,1,11,6,3,1,5,5,1,1,5,1,1,1,1,1,5,2,2,13,1,2,2,1,4,5,4,5,3,3,2,5,4,4,1,2,3,4,5,1,7,1,2,2,1,1,4,3,3,1,2,7,4,1,1,4,1,1,2,3,5,3,10,1,3,6,1,1,5,4,1,2,1,1,3,1,1,1,2,2,1,5,1,3,2,6,2,7,5,1,3,1,5,1,4,1,4,1,1,3,7,1,2,4,1,7,1,0,0,0,0,0,0,0,0,0,0,0,0,0,0,0,0,0,0,0,0,0,0,0,0,0,0,0,0,0,0,0,0,0,0,0,0,0,0,0,0,0,0,0,0,0,0,0,0,0,0,0,0,0,0,0,0,0,0,0,0,0,0,0,0,0,0,0,0,0,0,0,0,0,0,0,0,0,0,0,0,0,0,0,0,0,0,0,0,0,0,0,0,0,0,0,0,0,0,0,0,0,0,0,0,0,0,0,0,0,0,0,0,0,0,0,0,0,0,0,0,0,0,0,0,0,0,0,0,0,0,0,0,0,0,0,0,0,0,0,0,0,0,0,0,0,0,0,0,0,0,0,0,0,0,0,0,0,0,0,0,0,0,0,0,0,0,0,0,0,0,0,0,0,0,0,0,0,0,0,0,0,0,0,0,0,0,0,0,0,0,0,0,0,0,0,0,0,0,0,0,0,0,0,0,0,0,0,0,0,0,0,0,0,0,0,0,0,0,0,0,0,0,0,0,0,0,0,0,0,0,0,0,0,0,0,0,0,0,0,0,0,0,0,0,0,0,0,0,0,0,0,0,0,0,0,0,0,0,0,0,0,0,0,0,0,0,0,0,0,0,0,0
"2","Action","Fight-Club.txt",1,2,3,4,0,1,3,0,2,0,0,0,0,0,0,3,2,4,0,1,1,1,5,1,2,8,7,0,2,4,3,4,0,6,0,2,1,11,1,0,0,1,0,0,8,4,0,5,0,1,1,5,1,2,1,1,1,0,2,4,0,2,2,1,5,0,4,1,1,0,1,0,1,5,1,0,0,1,2,1,0,2,1,1,5,2,2,4,0,3,0,4,3,1,12,2,0,2,3,11,4,3,0,3,0,0,3,1,0,6,3,1,0,1,3,3,0,3,1,16,6,13,1,1,4,1,9,3,11,2,0,41,0,2,2,0,1,1,7,3,8,1,2,1,10,0,1,7,1,2,3,2,2,0,2,3,2,2,1,1,1,2,2,1,3,0,2,0,2,0,0,0,1,2,0,3,5,1,0,3,2,4,2,2,1,0,0,1,2,0,1,0,0,0,4,1,6,0,0,1,2,0,2,0,0,1,2,1,2,6,0,0,1,1,1,1,3,2,8,2,0,0,1,0,1,1,1,2,0,0,0,1,2,6,1,1,0,0,2,0,3,1,3,0,2,1,2,2,1,1,2,0,1,0,5,1,2,3,4,7,1,1,3,1,4,2,2,12,1,4,1,3,3,1,3,1,0,2,0,1,3,0,1,1,4,11,2,2,1,1,0,1,4,1,0,7,1,0,2,2,0,3,3,1,0,0,2,2,2,1,1,1,1,0,1,0,5,0,0,1,5,0,0,0,1,3,1,0,1,1,1,3,2,0,13,4,1,1,0,0,6,7,1,0,1,0,1,1,1,0,2,2,1,1,2,3,0,0,0,0,2,0,3,0,19,3,5,2,2,4,1,0,0,1,2,0,0,3,0,0,1,0,0,5,1,0,1,0,1,1,0,3,0,0,0,6,2,27,0,4,4,1,5,1,1,11,4,1,0,2,4,0,1,0,4,2,3,2,3,2,0,1,7,0,15,5,4,0,1,2,1,4,4,1,0,0,1,0,5,5,1,1,2,5,1,2,0,1,6,1,1,3,6,1,0,11,7,1,3,1,0,1,3,1,0,0,0,0,4,2,2,1,3,3,5,1,0,0,1,1,1,0,3,0,2,1,1,0,1,0,0,12,5,4,0,2,10,1,2,5,6,14,6,4,6,0,0,13,0,1,0,0,3,36,2,0,0,2,0,1,2,0,3,1,1,7,2,7,11,1,0,2,0,0,2,1,2,4,1,0,1,0,0,8,1,1,16,2,0,2,0,1,1,5,0,1,0,1,6,0,3,3,0,0,1,1,1,5,2,0,0,1,3,1,1,0,0,1,3,5,0,1,4,2,1,2,1,2,0,1,2,0,2,0,3,1,1,0,3,2,0,4,4,7,1,1,20,0,2,2,1,0,2,3,0,0,5,0,3,1,2,1,1,0,8,11,1,0,0,0,2,0,1,3,3,5,1,3,3,4,4,7,0,1,3,9,1,0,2,0,0,0,2,3,1,10,3,5,0,0,2,1,0,1,4,3,9,4,7,3,2,1,0,2,2,0,2,0,2,3,0,0,3,4,2,0,4,0,4,0,2,1,2,3,3,2,1,7,3,0,0,6,3,1,7,1,32,3,2,1,1,1,2,2,2,0,7,1,0,1,7,1,1,7,4,0,1,0,2,0,3,0,1,0,2,1,0,0,1,4,0,7,1,1,0,0,2,4,2,0,6,0,1,0,3,3,2,2,2,1,0,3,0,1,2,0,3,2,1,1,4,4,2,2,1,1,1,0,3,1,0,0,1,0,0,1,1,9,2,5,3,1,0,0,0,1,0,3,6,1,3,2,0,0,5,0,0,0,0,2,3,0,1,3,3,1,0,3,1,12,0,4,10,0,0,1,1,0,6,4,1,2,0,1,3,2,1,4,1,4,1,4,8,1,5,2,4,5,3,2,6,2,2,5,1,1,3,1,2,2,4,4,3,2,2,2,2,2,1,1,2,1,1,1,1,2,1,2,2,2,4,2,1,1,1,2,1,4,3,1,4,2,1,2,1,2,1,6,1,2,2,1,2,4,1,18,13,3,2,1,2,1,3,6,1,3,1,2,1,2,6,3,1,1,2,1,1,1,25,1,2,1,3,2,3,2,1,4,2,1,4,5,2,2,5,1,2,1,1,3,3,1,1,3,1,2,4,1,3,1,5,3,2,1,1,2,4,1,2,6,3,1,4,6,6,3,1,1,2,1,1,1,3,2,1,2,1,1,1,2,3,2,2,1,1,2,4,1,7,2,8,1,1,3,1,1,2,2,1,4,1,1,2,1,2,8,1,2,2,1,2,0,0,0,0,0,0,0,0,0,0,0,0,0,0,0,0,0,0,0,0,0,0,0,0,0,0,0,0,0,0,0,0,0,0,0,0,0,0,0,0,0,0,0,0,0,0,0,0,0,0,0,0,0,0,0,0,0,0,0,0,0,0,0,0,0,0,0,0,0,0,0,0,0,0,0,0,0,0,0,0,0,0,0,0,0,0,0,0,0
"3","Adventure","Avatar.txt",1,0,0,0,1,2,1,2,3,7,1,1,27,7,1,9,0,1,0,0,10,6,2,0,3,0,1,2,2,6,1,0,2,7,10,14,0,1,0,10,0,0,7,1,0,0,1,0,7,7,9,7,6,5,2,1,2,2,4,7,2,1,0,1,0,1,7,1,1,1,2,0,3,2,0,9,2,0,1,0,0,1,1,1,2,8,3,4,0,2,1,1,2,2,3,0,0,4,4,0,4,0,0,0,1,2,4,0,1,2,2,2,9,2,10,1,1,1,1,4,17,3,0,0,5,2,2,2,1,5,9,0,3,0,3,2,0,3,0,0,0,0,1,1,3,12,0,0,4,4,5,6,12,0,6,2,3,1,1,6,2,0,7,0,2,4,0,0,6,2,3,3,0,2,1,0,0,1,0,0,1,2,2,5,0,0,0,4,0,9,10,2,7,18,3,1,1,1,1,2,2,2,2,1,15,4,1,1,3,4,4,2,5,2,6,0,6,3,4,0,4,10,0,6,1,4,4,3,1,1,5,0,19,1,5,1,2,0,0,5,0,1,0,0,1,3,6,9,1,2,1,2,14,1,0,0,3,6,10,0,2,2,0,1,4,0,6,1,4,1,4,0,1,1,9,11,4,7,1,5,6,5,0,0,12,15,18,4,1,0,3,2,4,0,2,10,0,2,2,3,2,1,1,4,1,0,3,0,0,3,9,2,6,8,11,3,3,2,3,1,4,4,4,1,4,0,1,5,3,2,6,5,6,1,3,8,0,0,8,0,3,0,0,1,1,2,0,1,0,1,0,4,0,1,2,6,2,1,1,3,0,1,0,5,0,3,26,14,2,2,1,4,2,2,1,1,1,0,1,2,3,0,1,1,4,0,0,1,1,1,0,7,1,4,1,4,2,2,12,29,3,3,2,0,1,12,4,2,2,6,18,2,0,5,23,1,2,2,9,8,2,1,0,2,0,2,2,5,0,1,1,1,0,0,1,5,0,1,5,0,2,0,0,14,2,20,1,1,3,3,2,5,2,3,1,0,11,1,8,8,4,0,0,3,0,2,5,2,0,3,3,2,0,0,5,0,0,0,0,2,1,0,2,1,2,3,1,13,1,2,0,14,4,8,0,1,2,0,1,0,0,0,8,1,4,9,0,0,1,0,1,0,0,0,2,0,6,1,1,9,0,1,3,2,0,1,0,3,0,5,0,0,0,0,2,2,2,3,2,0,0,2,1,0,3,3,2,0,3,0,0,1,3,6,5,0,1,1,0,5,1,1,2,2,3,4,1,2,2,3,5,2,1,5,1,7,1,5,10,2,13,3,3,5,8,2,4,2,10,1,1,3,1,1,3,1,5,3,7,4,1,0,1,5,0,1,5,9,1,0,0,4,2,3,20,13,0,3,7,3,0,0,1,0,1,12,8,1,7,3,0,1,1,7,7,4,2,9,1,0,5,0,4,1,3,3,2,4,1,0,2,0,0,7,7,1,3,2,0,0,0,3,1,0,2,1,2,5,3,1,0,3,4,3,1,1,1,0,0,2,2,3,5,0,1,2,4,4,1,5,3,1,2,2,2,6,8,3,1,1,2,0,1,0,4,8,0,0,3,7,2,8,1,6,1,0,2,1,2,7,0,0,2,0,3,1,6,2,0,9,5,3,1,5,0,3,1,2,2,5,1,2,5,1,3,1,1,1,1,1,11,2,1,2,1,1,0,2,2,9,1,0,4,4,1,0,2,0,44,2,1,1,1,10,5,2,1,3,4,3,0,1,3,1,1,2,5,0,2,1,4,6,3,4,1,2,1,2,6,3,0,5,2,13,2,7,0,2,0,10,0,0,2,3,1,1,0,6,6,3,1,2,1,5,0,3,0,3,3,0,3,0,0,0,8,1,4,2,0,5,4,8,2,2,2,1,0,2,3,2,2,2,1,1,1,1,1,2,4,6,4,2,0,2,0,0,1,1,1,0,1,1,1,0,1,1,0,2,3,11,0,1,6,1,2,2,4,0,0,0,0,0,3,0,1,5,0,4,2,1,1,1,11,70,1,0,1,2,0,6,1,0,1,1,2,4,0,3,1,0,1,0,0,3,2,5,0,3,3,0,1,3,2,0,4,0,2,2,1,1,1,4,3,0,0,1,0,1,0,4,2,4,1,0,3,4,0,3,4,4,1,0,3,3,2,1,6,2,9,2,1,0,5,1,1,0,1,7,4,0,5,1,0,6,1,2,1,3,5,0,4,0,3,0,4,1,3,3,2,14,1,1,0,5,0,2,4,2,3,2,1,1,3,0,0,4,0,0,0,7,7,1,10,1,1,6,1,4,1,2,4,3,3,1,1,2,1,3,9,1,1,1,3,4,2,3,1,1,1,2,2,2,5,16,1,5,2,2,1,1,4,1,1,2,1,3,2,1,3,2,2,1,1,2,1,1,1,17,1,1,1,2,3,4,1,1,4,1,5,3,3,0,0,0,0,0,0,0,0,0,0,0,0,0,0,0,0,0,0,0
"4","Adventure","Dances-with-Wolves.txt",2,2,2,0,0,0,4,1,0,1,2,1,4,1,2,1,4,0,1,0,2,2,10,2,4,6,3,1,0,1,0,4,2,12,1,4,0,0,1,6,0,1,0,1,0,3,3,1,2,3,3,1,0,0,0,0,0,2,0,7,3,5,0,11,0,2,0,1,0,0,7,1,1,12,0,0,0,0,2,1,0,4,1,4,1,2,0,2,4,3,3,10,1,0,0,1,6,2,2,0,0,0,0,0,1,1,5,0,1,1,2,3,6,9,23,0,4,0,1,0,7,0,1,2,0,1,6,1,1,3,1,7,1,1,1,1,1,2,2,2,0,1,1,0,0,0,0,0,4,1,0,1,2,1,3,2,10,5,1,5,3,0,1,0,2,0,1,0,0,0,3,0,2,3,0,0,0,0,1,4,0,3,17,5,1,2,1,4,2,1,2,3,0,1,0,0,8,1,0,9,1,1,1,7,3,0,4,0,7,1,1,0,2,2,6,1,16,8,0,0,7,8,6,2,1,0,2,0,2,0,8,2,0,8,1,0,1,0,1,1,7,2,0,0,1,1,2,2,1,1,3,1,2,2,3,0,0,4,3,4,0,20,0,5,3,0,1,1,2,2,1,0,1,2,14,3,0,167,1,1,4,0,1,1,6,2,7,0,1,0,5,0,4,4,4,1,0,0,1,1,6,3,0,5,1,0,4,0,2,0,1,1,1,2,6,2,0,1,1,9,24,0,0,0,2,5,2,2,20,1,1,3,1,1,8,7,1,0,6,1,1,2,4,3,1,3,0,1,0,2,0,3,23,0,0,4,2,0,3,0,0,4,0,3,0,0,4,0,0,0,0,1,2,4,1,4,1,0,0,0,0,1,0,0,0,10,4,2,3,1,5,4,0,0,2,0,0,0,4,8,0,2,0,0,2,1,3,2,7,17,2,1,0,1,5,2,2,5,0,1,0,2,0,3,0,0,9,2,1,1,3,4,1,0,1,0,0,2,2,28,0,1,4,1,0,0,4,3,1,3,2,4,0,1,2,3,0,3,4,1,10,0,8,2,7,0,0,0,2,1,1,1,8,0,8,1,3,4,0,2,1,0,5,6,0,6,1,5,2,1,1,6,3,0,0,3,8,0,0,0,2,0,5,0,3,10,0,0,0,8,0,0,1,0,0,0,0,9,2,0,0,1,9,0,0,3,1,2,0,2,4,3,2,0,5,0,3,2,6,2,1,0,0,1,1,3,0,2,4,2,5,0,0,5,2,0,3,1,0,2,0,1,1,5,0,0,1,4,0,1,4,0,2,0,0,12,0,0,66,0,1,1,0,3,8,9,1,3,1,3,3,1,2,0,1,0,1,1,5,3,2,1,1,4,1,1,0,5,3,4,4,1,0,2,3,7,3,2,4,0,0,0,0,1,2,0,1,4,5,1,0,3,1,4,4,1,0,1,0,3,2,0,1,1,1,16,1,4,3,0,5,1,1,7,5,4,8,1,0,1,1,15,1,5,0,1,1,2,1,4,2,3,3,2,2,2,1,0,1,7,0,0,0,4,5,3,0,1,3,1,4,2,3,1,0,0,3,0,35,5,1,1,0,1,12,9,1,0,1,1,2,7,0,2,1,0,2,1,6,0,1,1,4,4,1,1,0,0,0,5,4,0,1,4,0,0,1,3,1,0,0,3,1,3,0,0,0,2,0,3,3,2,0,1,2,2,6,0,0,4,2,1,1,2,0,2,5,0,7,2,3,0,1,0,1,2,0,0,2,2,0,1,3,1,0,0,0,0,1,0,3,0,0,0,2,2,10,3,1,0,0,1,0,2,0,2,3,1,0,4,1,0,1,2,5,1,10,9,162,0,1,0,0,1,1,1,3,2,4,1,2,2,0,1,0,4,3,0,1,9,5,4,1,0,1,0,3,2,3,1,4,2,0,0,197,48,1,4,6,0,2,0,1,2,2,2,1,0,2,2,3,1,1,0,3,0,12,3,3,0,0,1,5,0,2,1,2,6,0,1,0,0,1,0,4,1,3,1,2,4,1,8,1,7,0,0,0,0,4,1,0,2,2,4,5,1,0,5,4,1,2,2,3,1,1,1,0,9,2,0,5,1,0,1,5,0,0,2,0,1,1,0,2,1,0,1,4,9,0,1,0,0,1,2,1,0,9,1,2,1,3,1,1,0,3,0,3,1,0,3,1,3,2,2,0,3,7,0,0,3,0,0,4,2,1,11,1,2,0,2,0,3,4,0,0,0,2,5,0,4,3,2,1,3,6,0,7,2,2,1,0,1,0,0,0,7,3,1,4,2,1,0,1,1,3,2,0,1,1,1,0,6,0,0,3,1,0,1,2,14,0,3,2,1,1,3,4,3,1,3,4,2,1,1,5,16,1,1,9,5,0,2,5,2,1,3,2,0,2,1,0,0,1,2,3,1,3,1,0,0,1,2,2,3,4,0,1,0,1,1,0,1,6,1,1,1,5,1,2,2,1,9,2,1,0,0,0,0,0,0
"5","Comedy","Austin-Powers---The-Spy-Who-Shagged-Me.txt",0,1,0,0,0,2,0,1,0,9,1,3,0,7,0,3,0,1,1,2,2,1,8,0,0,0,0,0,5,0,3,5,1,1,0,12,0,0,0,2,7,2,0,1,1,2,0,1,0,0,0,1,0,1,2,4,0,0,1,0,0,0,0,2,1,0,0,0,1,0,0,0,0,0,1,0,0,0,0,0,2,0,1,1,0,0,0,0,1,12,1,0,0,0,3,1,1,0,0,0,1,2,0,7,0,2,5,1,1,0,1,0,2,0,0,0,2,1,0,2,0,2,1,0,0,0,0,0,2,0,0,1,1,0,1,0,0,2,2,2,1,0,0,0,0,0,0,0,2,0,2,0,0,0,3,0,0,0,2,1,0,2,0,0,1,1,0,0,1,2,0,1,0,1,0,0,1,0,0,0,0,0,0,0,1,1,0,3,0,0,0,0,0,3,5,6,0,6,0,1,0,0,0,0,1,0,1,2,2,0,3,1,0,1,1,0,0,1,0,0,0,3,1,0,0,3,1,1,1,0,3,0,3,1,4,0,3,1,1,1,2,0,2,0,1,2,5,0,1,1,0,1,0,1,1,1,2,1,0,1,2,0,0,1,1,0,0,2,3,1,0,3,0,0,8,1,2,1,0,0,2,0,1,0,0,3,6,1,0,1,0,1,1,1,1,10,1,0,5,0,0,0,10,0,1,2,2,0,0,1,1,0,1,1,1,0,11,0,1,0,0,0,1,5,1,1,0,0,0,0,0,0,0,0,0,1,4,1,2,0,0,5,0,1,1,0,1,2,0,0,4,0,0,1,0,2,0,0,1,0,0,0,0,0,6,3,1,1,0,2,1,0,1,4,0,1,0,4,0,8,1,0,2,0,0,0,0,0,3,0,1,0,1,0,2,5,1,0,0,2,1,1,1,1,0,4,0,0,1,0,0,0,1,1,1,1,0,1,0,2,0,0,0,0,2,0,3,0,0,0,2,0,1,0,3,0,0,1,7,1,1,1,5,1,0,0,3,1,0,0,0,0,0,7,0,1,0,0,1,1,1,0,10,0,0,1,0,0,2,0,1,0,0,0,0,1,0,3,2,0,3,0,0,0,0,2,1,2,0,1,1,2,0,0,7,0,1,0,0,2,1,0,0,1,0,2,0,7,1,0,0,2,1,3,6,2,1,1,0,1,0,0,4,1,6,0,0,3,0,0,2,2,1,1,0,1,1,2,2,0,1,7,0,0,0,1,1,4,1,1,1,0,0,2,0,1,0,0,4,1,4,3,0,0,0,0,0,0,0,0,0,0,0,7,1,2,0,2,1,4,0,0,0,2,1,2,0,2,2,1,2,0,0,1,7,1,0,0,0,0,0,0,0,1,3,0,3,4,3,1,1,0,0,0,11,2,0,0,0,0,1,0,0,1,1,3,0,1,2,1,1,1,1,6,0,1,0,2,0,0,0,0,0,0,0,5,6,0,0,0,8,0,0,3,0,1,0,3,0,0,0,0,0,0,4,0,5,5,0,1,0,0,0,1,0,1,3,1,0,0,0,0,3,3,1,0,0,0,1,0,0,2,0,1,0,1,1,2,0,0,0,0,0,0,1,1,11,2,0,0,1,0,0,1,0,4,0,1,0,2,0,2,1,1,3,4,1,0,0,1,2,0,0,1,2,0,0,2,0,3,0,3,0,0,1,0,2,0,0,1,2,1,0,0,1,0,0,0,2,1,0,0,4,0,1,0,0,1,0,0,2,0,0,2,0,2,1,0,2,0,3,0,1,0,1,2,1,0,1,3,2,0,5,1,0,0,3,0,2,5,1,3,2,1,0,4,0,0,0,0,5,0,0,0,0,0,2,1,1,0,0,0,0,0,0,0,1,1,3,7,0,0,0,0,0,0,4,0,0,14,1,1,0,0,0,0,0,0,1,2,1,1,4,1,2,0,1,1,0,1,0,0,0,1,0,0,1,0,0,2,1,6,0,0,4,2,1,0,1,1,0,0,7,0,0,0,1,3,2,0,2,0,4,1,1,1,2,0,0,0,1,0,1,1,0,0,0,0,0,0,0,0,0,2,0,0,1,0,1,1,2,1,1,0,2,0,0,0,0,0,0,0,0,0,3,0,1,6,0,1,0,0,0,0,4,2,0,0,0,0,1,1,0,4,0,1,0,0,3,0,0,0,0,0,0,0,0,1,0,2,0,0,1,4,0,2,1,1,0,0,1,1,0,0,1,4,3,1,2,2,0,1,0,0,1,0,2,0,0,0,6,0,0,3,2,1,0,2,0,1,0,2,0,0,1,1,0,0,0,2,0,0,0,0,1,0,1,8,0,0,0,2,4,0,1,0,249,1,0,0,7,0,0,2,2,0,2,2,0,0,1,0,2,0,0,1,0,0,0,0,1,0,0,2,1,0,1,1,1,1,3,0,0,0,1,1,1,1,1,1,4,3,4,2,0,0,1,5,1,2,1,0,3,4,1,2,2,1,0,3,0,7,0,0,2,2,1,0,0,0
"6","Comedy","Horrible-Bosses.txt",1,0,43,2,0,0,0,0,0,2,1,0,1,4,2,0,0,7,2,0,0,0,0,1,0,1,1,0,0,0,3,0,0,0,3,0,0,15,1,0,2,0,0,0,14,1,2,4,2,0,0,4,0,0,0,3,0,0,0,0,0,1,1,0,2,0,0,3,0,0,0,0,0,1,3,0,2,0,1,5,1,2,1,0,0,0,1,3,1,1,1,2,3,2,0,0,0,1,2,4,1,1,0,1,2,0,0,0,1,3,1,0,0,2,1,0,1,1,0,0,0,0,6,0,1,0,0,0,1,0,0,0,1,2,2,0,1,0,9,3,4,0,4,0,1,0,1,0,0,0,2,0,0,0,2,0,0,0,2,1,0,3,0,0,1,1,0,2,0,0,0,0,0,0,2,3,4,1,1,0,0,1,1,4,2,0,0,0,0,0,3,0,4,0,0,4,2,0,0,0,1,4,0,0,0,0,1,2,1,0,6,4,1,0,1,1,0,1,2,2,0,0,0,0,3,1,2,0,5,4,0,1,2,1,1,0,0,0,5,0,1,1,2,1,1,0,1,0,0,0,0,2,2,0,2,1,1,0,0,1,1,0,1,1,1,0,1,0,1,2,0,0,0,0,1,2,1,0,0,0,1,2,0,0,0,0,0,0,0,1,0,1,0,0,3,3,4,0,0,2,2,2,0,0,3,1,1,2,1,0,0,0,0,0,1,3,0,0,1,0,4,1,3,1,0,3,0,0,0,1,2,0,0,3,0,0,0,1,1,0,0,1,1,0,0,1,0,0,1,0,7,0,0,1,0,1,4,4,0,0,0,1,4,0,0,1,0,1,0,1,3,0,0,1,0,0,1,1,0,0,1,4,1,0,3,0,0,1,1,3,2,0,1,1,0,1,0,2,5,0,1,4,3,0,0,0,4,1,0,1,1,0,4,0,2,2,1,1,0,0,0,0,2,0,3,2,1,1,1,2,0,1,2,0,2,0,1,0,0,0,1,1,1,4,0,0,3,0,0,0,1,0,6,0,0,17,0,2,1,0,0,11,4,1,1,3,1,7,1,1,0,0,3,0,2,1,0,2,2,0,2,3,1,1,2,0,0,0,1,0,0,0,0,0,0,1,3,2,0,1,5,4,2,0,2,0,1,1,2,1,0,0,1,17,8,3,1,1,0,0,9,0,3,1,2,5,1,2,11,0,0,3,1,0,0,0,0,1,0,0,2,0,1,0,0,0,1,0,2,0,3,0,1,0,0,1,2,2,1,1,1,3,0,0,0,0,1,0,1,4,1,0,0,2,0,1,1,0,0,1,0,0,0,4,1,0,0,0,0,3,0,1,1,0,1,2,0,1,0,0,1,1,1,0,0,1,4,2,0,0,2,0,3,0,1,0,0,1,0,0,2,1,0,0,6,22,3,1,3,0,0,1,0,0,0,0,3,1,1,4,0,2,0,0,5,2,1,1,0,0,2,0,0,4,0,1,0,0,0,0,0,4,0,0,0,1,0,0,2,0,1,0,3,0,0,0,3,0,2,1,2,0,0,2,4,0,1,3,0,2,0,0,4,0,3,0,0,0,1,0,2,1,0,0,0,0,17,0,0,1,0,1,0,2,1,0,0,4,1,1,0,1,0,0,0,0,1,1,2,6,0,1,0,3,1,3,0,3,0,0,1,1,7,2,1,1,2,0,0,1,2,1,1,0,1,2,2,1,3,0,1,0,3,0,5,0,3,2,0,1,2,0,0,8,0,1,1,0,3,0,0,0,3,0,0,0,0,5,0,1,1,0,0,3,1,0,1,1,0,0,7,4,0,0,1,1,4,0,0,1,0,0,0,0,1,2,9,0,0,4,1,3,3,0,1,2,0,2,4,0,2,0,0,0,2,1,0,0,1,0,2,0,3,1,4,0,0,2,2,0,1,0,1,0,1,1,0,0,0,0,0,0,2,0,0,1,0,4,0,1,0,0,0,0,3,4,1,0,1,1,2,1,0,3,0,1,0,2,2,0,1,0,0,3,1,0,1,0,1,0,1,1,0,0,1,25,12,1,2,0,0,0,0,1,0,0,1,0,1,6,1,3,0,1,1,3,2,10,0,1,0,0,0,0,0,0,1,2,0,2,3,1,0,2,7,0,2,2,1,0,2,0,0,2,4,0,1,2,0,0,0,4,1,4,3,2,0,0,3,0,3,0,0,1,0,3,0,0,1,0,3,1,0,0,1,1,0,2,2,0,5,3,4,1,0,7,0,0,2,0,0,0,0,0,1,3,1,2,3,4,1,1,6,9,1,0,0,0,0,1,0,1,0,1,2,1,1,7,0,1,7,0,1,0,0,0,2,0,0,1,1,0,1,0,0,1,0,0,0,4,0,0,0,1,0,0,0,5,1,0,0,2,0,0,0,0,0,1,2,1,1,0,1,1,2,1,0,0,0,0,0,0,20,1,0,1,1,0,0,0,0,2,0,2,2,0,1,2,5,0,0,0,0,0,0,0,3,1,1,0
"7","Crime","American-History-X.txt",1,0,5,1,1,1,3,1,1,0,0,0,1,0,1,0,0,7,0,0,1,0,2,0,1,0,2,0,2,5,1,2,4,0,1,0,0,17,0,1,8,0,0,1,36,1,1,0,2,0,1,10,0,0,2,0,9,0,9,3,1,2,0,2,1,0,1,2,2,0,0,0,0,2,0,38,6,1,0,1,3,2,1,1,1,0,0,0,0,0,0,1,1,1,1,0,0,1,1,6,0,1,0,0,1,0,2,0,0,3,2,1,2,0,1,1,0,7,0,9,1,0,1,0,0,0,1,0,0,0,0,0,0,2,0,4,0,0,0,1,11,2,1,0,4,1,2,2,2,5,3,2,1,1,0,0,5,0,0,1,0,2,1,1,0,0,0,0,0,1,0,0,0,1,0,0,1,1,1,0,2,0,4,3,2,4,0,2,5,1,8,3,0,0,5,0,0,1,0,1,0,3,1,2,2,0,1,0,1,1,3,1,2,0,0,0,0,1,0,13,0,0,1,0,2,0,0,1,0,1,2,0,0,2,0,1,0,1,1,4,1,0,7,0,0,0,3,1,0,2,0,0,1,1,13,1,3,1,2,2,0,1,0,1,1,1,1,2,0,0,1,0,0,3,3,0,0,0,0,0,0,0,0,0,0,0,0,1,0,2,2,1,0,0,3,1,0,0,1,2,0,1,0,2,0,0,4,0,1,1,3,0,2,0,1,0,3,0,1,1,3,2,0,1,0,2,0,4,0,0,0,1,0,0,16,0,0,1,1,1,12,6,1,0,1,2,0,0,4,0,1,0,0,5,0,1,4,8,1,0,1,0,0,1,0,0,1,0,1,0,1,0,1,0,0,0,1,0,0,1,2,3,0,0,19,1,1,1,0,3,4,9,0,0,3,4,6,6,0,0,2,1,4,0,0,0,3,2,3,0,0,0,1,0,0,0,1,1,0,2,1,0,0,5,1,1,0,0,0,0,0,2,1,1,0,4,1,0,0,1,0,0,0,2,0,1,1,1,2,0,0,1,10,0,0,8,2,1,0,0,0,7,0,0,0,0,2,0,3,0,5,0,3,2,2,0,1,3,1,2,0,0,3,1,0,1,7,0,0,1,0,2,0,2,0,0,3,1,0,1,1,2,3,1,0,1,1,0,1,0,0,3,0,12,0,0,1,0,1,0,0,1,3,3,0,1,0,1,3,1,1,1,0,1,0,0,0,0,0,1,7,0,6,0,2,0,4,0,7,0,0,0,3,2,0,2,1,1,2,0,0,0,0,1,0,2,1,0,0,2,4,0,0,1,0,0,0,0,0,0,0,0,0,1,0,1,0,1,0,3,1,1,0,0,2,0,0,1,1,1,0,0,1,6,0,0,0,1,0,0,0,2,6,0,1,0,1,2,0,0,1,2,3,0,7,50,0,0,2,0,5,2,0,0,1,3,5,1,1,7,0,1,0,0,6,0,0,1,1,0,0,0,1,5,2,2,3,0,1,1,2,1,0,2,1,0,0,1,1,0,0,0,5,2,0,0,0,1,1,0,2,1,1,0,8,0,0,0,1,0,0,0,1,2,3,0,5,3,2,0,0,2,0,1,0,0,27,1,0,0,0,0,1,1,1,0,1,0,0,1,0,0,0,1,0,0,0,0,1,2,0,0,0,5,4,1,0,4,0,0,1,1,1,0,0,1,1,0,0,0,5,3,1,0,3,10,2,1,2,0,2,0,1,1,0,0,3,1,0,0,0,7,0,1,0,0,1,0,0,0,1,0,1,1,1,0,3,0,0,2,0,0,0,1,1,1,1,4,2,0,1,0,1,0,0,0,0,1,0,1,3,1,0,1,0,0,0,0,1,1,1,4,0,1,0,4,1,0,0,0,0,0,3,0,0,3,1,1,1,3,1,0,1,1,6,1,1,0,0,0,1,1,3,4,0,1,5,1,0,1,3,0,0,0,1,0,0,3,2,3,1,1,1,6,1,3,9,3,2,2,3,0,1,0,0,0,1,0,0,1,6,5,0,1,1,1,1,0,2,0,2,1,0,0,0,35,62,5,1,5,1,0,2,1,0,3,1,0,2,3,6,1,0,1,1,0,2,2,4,0,5,0,1,1,1,1,0,0,0,1,0,1,1,1,0,0,3,0,1,0,0,0,0,0,1,1,0,1,1,0,3,1,0,1,0,0,0,0,11,0,0,3,0,1,0,2,0,0,1,2,2,1,3,1,0,3,0,1,1,0,0,0,0,2,4,2,0,3,0,0,7,1,0,1,0,1,0,1,0,4,1,0,1,0,1,2,0,4,1,0,5,0,1,0,1,1,1,1,0,0,0,3,0,4,0,2,1,2,1,1,1,0,0,1,1,1,1,1,0,4,0,3,1,1,1,3,1,1,3,7,0,1,1,0,1,1,0,3,0,0,7,1,0,1,0,0,0,0,0,2,5,1,1,0,1,1,0,8,0,0,0,1,3,0,2,1,0,0,1,1,1,0,14,1,5,1,0,1,4,1
"8","Crime","Fargo.txt",1,0,3,0,0,1,1,0,0,1,0,0,0,0,2,0,1,1,0,0,1,0,0,0,1,1,0,0,0,2,0,0,1,3,1,0,0,7,0,0,0,0,0,0,10,0,2,4,4,2,2,0,0,0,0,0,0,1,0,0,0,0,12,0,0,3,0,5,0,0,0,0,0,6,0,1,0,5,0,1,7,1,0,1,0,0,1,2,2,0,1,6,0,2,1,1,3,3,0,11,0,0,3,0,0,0,1,0,0,1,0,0,5,0,3,3,0,2,0,2,1,2,0,2,0,0,0,0,1,0,0,3,2,1,0,0,0,0,2,2,2,0,0,0,7,0,1,2,1,1,0,0,1,1,0,0,0,0,0,0,1,0,0,0,0,0,0,1,0,0,1,0,0,1,1,1,0,0,0,2,2,3,1,0,1,2,1,0,0,1,0,5,0,0,0,12,2,0,0,0,0,1,1,1,1,0,0,0,3,4,8,7,0,0,0,1,1,0,0,0,2,1,0,0,1,0,4,2,0,2,0,0,0,0,0,0,0,0,2,1,1,0,1,1,0,0,2,0,1,0,1,0,1,0,1,0,0,1,0,0,0,0,0,6,0,1,0,0,0,0,0,2,1,1,8,0,0,2,0,0,0,0,1,0,0,1,0,0,0,2,0,0,6,0,7,10,1,2,0,1,1,1,5,0,0,0,2,5,0,1,3,0,0,0,1,0,0,0,0,0,7,0,1,0,0,0,0,1,0,0,0,0,0,0,0,1,0,1,4,3,0,0,5,1,0,0,0,0,0,0,5,1,2,0,1,2,0,0,0,5,1,0,0,0,7,1,0,0,0,0,0,0,0,0,0,0,0,1,1,0,3,1,0,1,4,0,0,2,0,4,1,1,0,8,1,0,1,11,2,0,2,0,0,2,3,1,0,1,1,3,0,0,0,0,0,0,0,1,2,2,0,1,0,2,3,0,0,1,0,0,0,3,0,0,0,0,6,3,1,0,0,0,7,2,0,0,1,0,0,0,1,0,4,1,0,0,0,0,1,0,1,0,0,0,0,0,1,1,3,3,0,6,1,0,3,1,0,0,1,0,0,1,0,6,2,0,1,0,1,1,0,0,0,0,1,0,3,2,1,3,9,9,0,0,1,0,1,1,2,2,2,0,3,32,0,0,0,1,1,2,2,5,0,3,1,2,3,0,13,0,1,2,0,1,0,1,0,0,0,0,0,1,3,0,1,1,5,2,0,1,0,0,0,0,2,1,0,2,0,0,2,3,0,0,1,1,0,2,0,0,0,0,0,0,2,0,1,1,0,22,4,3,0,0,1,3,0,0,0,2,4,0,0,4,0,0,2,0,0,0,0,0,0,0,0,0,1,0,3,0,1,1,0,0,0,0,0,0,0,0,0,3,1,1,0,4,0,0,6,2,2,2,2,0,0,0,5,2,0,0,2,0,1,1,1,5,1,2,1,0,0,0,0,1,0,3,1,0,3,1,0,0,1,0,1,1,1,1,1,1,43,1,2,0,0,0,0,2,0,1,1,1,1,1,0,0,0,3,1,1,1,0,1,7,0,0,0,1,0,3,0,0,0,0,0,0,4,0,0,3,0,0,1,1,2,2,0,0,0,0,1,0,0,0,0,0,0,0,2,4,2,2,0,0,9,0,0,0,0,0,0,0,10,0,0,1,1,0,0,2,0,0,0,1,0,1,1,1,0,3,1,5,10,0,3,0,0,3,2,0,0,3,0,0,0,0,0,0,2,1,0,0,0,1,0,0,0,5,0,1,1,0,3,0,1,1,1,1,1,0,0,0,0,0,2,4,0,0,3,2,11,0,0,0,0,3,20,0,0,0,0,0,2,1,1,1,2,1,2,4,0,1,1,4,1,0,0,0,1,0,1,0,0,0,1,0,1,0,1,3,1,0,1,2,0,0,1,1,1,0,1,0,1,0,1,0,0,1,5,0,0,4,0,0,0,0,1,0,1,2,0,12,1,1,1,0,0,0,0,0,8,1,0,0,1,0,1,4,0,0,3,0,0,0,0,12,25,1,0,4,0,1,0,0,0,1,0,0,1,0,0,1,4,0,0,1,0,0,0,3,1,0,1,3,4,0,0,0,0,0,1,3,0,0,0,4,2,0,0,0,0,1,2,0,0,0,3,1,1,0,0,0,1,1,0,1,0,0,2,1,2,3,1,0,2,2,1,0,2,2,0,0,1,0,1,2,2,0,2,1,3,0,1,0,0,1,0,0,0,0,0,1,1,1,0,9,0,1,0,1,2,1,0,4,0,2,0,0,1,0,1,0,0,2,0,0,0,0,0,0,0,1,0,17,0,5,0,0,0,2,0,0,1,2,0,1,0,2,1,0,2,0,0,0,0,0,0,0,1,4,0,2,2,0,0,0,0,0,0,0,2,0,1,0,0,0,1,1,0,0,0,0,0,2,1,1,2,0,0,0,0,2,0,1,0,1,1,0,0,0,3,1,5,1,0,0,0,2,0,1
"9","Family","Happy-Fee.txt",0,0,1,0,0,1,1,0,0,0,0,0,5,0,1,1,1,0,1,0,1,0,0,0,3,0,0,0,1,2,0,2,1,0,0,1,0,0,0,0,5,1,1,0,0,6,0,0,2,1,8,0,1,0,1,3,0,0,4,1,0,0,0,0,0,0,0,0,1,0,1,1,1,2,0,2,2,0,0,0,2,0,0,0,1,0,0,2,4,0,0,3,0,0,0,0,1,1,1,0,3,2,2,0,0,1,0,1,3,0,0,0,0,0,0,1,1,0,0,0,2,0,0,0,1,1,1,1,0,2,2,1,0,0,0,0,0,0,0,0,0,0,0,0,2,0,0,0,2,3,0,0,0,0,1,1,1,3,1,0,1,1,5,0,1,0,1,1,0,1,1,0,3,0,0,0,0,0,0,0,0,0,1,0,0,2,0,3,1,0,0,3,5,1,0,0,0,0,0,2,1,0,0,0,0,1,0,0,0,0,0,1,0,1,1,0,0,0,0,0,0,5,0,1,1,1,1,0,1,1,0,1,2,0,0,1,1,1,0,5,2,2,0,0,0,1,1,0,0,1,1,0,0,1,0,0,6,0,0,0,13,1,0,0,4,1,6,0,0,0,2,0,2,0,0,0,48,0,0,0,1,0,0,0,0,0,0,0,0,0,0,1,4,2,0,0,2,2,2,1,0,4,4,2,4,2,0,0,0,1,0,2,2,0,2,1,1,0,3,1,0,1,0,0,0,4,1,0,0,0,0,0,0,0,5,2,0,0,0,0,0,0,0,1,0,1,0,0,1,0,3,2,0,0,0,2,1,4,0,0,0,1,0,0,1,0,2,0,1,0,0,1,0,0,0,0,0,1,1,0,0,0,0,0,0,1,2,0,0,0,1,1,0,1,2,1,0,0,0,1,1,0,3,0,1,2,6,0,0,1,0,1,3,1,0,0,2,0,0,2,0,0,0,2,0,0,0,0,2,0,0,3,1,2,1,0,1,1,0,2,17,1,0,0,0,7,0,0,0,0,3,1,0,1,2,0,0,1,0,3,2,0,0,0,0,0,1,0,0,0,0,4,0,3,0,0,0,1,1,0,0,1,0,0,0,0,1,1,0,2,0,1,0,0,0,0,0,0,2,0,0,0,0,0,0,0,1,2,0,0,0,1,0,0,0,0,0,4,1,0,8,0,0,0,0,0,0,1,0,0,1,2,0,0,0,0,0,0,1,0,0,0,0,0,1,0,0,5,0,2,1,0,0,0,1,0,0,0,0,1,0,1,0,1,0,0,0,1,0,0,0,1,0,0,0,0,0,0,0,0,0,0,6,2,1,0,0,9,1,0,0,5,2,0,0,0,0,0,2,0,0,1,0,0,0,0,0,0,0,0,2,0,0,0,1,1,4,0,2,1,0,0,13,0,0,2,0,0,4,1,0,0,0,3,4,0,0,1,2,0,1,0,0,0,1,3,0,0,1,10,17,1,0,2,0,0,0,1,3,0,0,1,1,0,1,0,0,0,1,0,6,1,0,2,1,1,1,0,3,0,0,1,0,3,0,1,0,0,1,0,1,2,0,0,3,1,3,0,1,2,0,0,0,0,9,0,1,0,0,0,3,0,0,0,2,0,0,2,1,0,1,0,14,1,0,0,0,0,0,1,7,0,1,1,0,0,0,2,0,0,1,0,0,5,1,0,0,1,1,0,7,1,0,0,1,0,0,1,2,2,2,1,0,2,0,1,0,0,0,0,1,0,1,1,1,3,2,1,2,0,1,2,0,1,0,1,0,0,0,0,0,1,3,2,0,1,0,0,1,2,0,1,0,0,0,2,1,0,0,1,3,0,0,0,0,1,2,2,13,0,0,1,0,0,0,1,3,0,0,1,1,1,0,0,0,0,5,1,1,0,0,0,2,0,0,0,0,1,1,1,0,0,1,0,3,1,2,0,0,1,0,1,7,1,0,0,0,0,3,0,0,1,4,9,0,1,4,0,3,0,0,1,7,1,1,1,0,0,0,3,4,0,0,0,2,1,0,0,1,0,0,0,1,0,0,0,0,1,0,0,1,0,0,2,0,0,0,2,0,1,0,1,1,0,1,2,2,0,1,2,0,1,0,2,6,1,0,0,0,0,1,0,0,1,0,3,0,2,2,3,0,0,0,0,0,1,0,0,0,1,1,2,0,0,0,0,0,0,3,1,0,0,5,3,0,0,0,3,0,0,0,2,0,0,1,0,1,1,1,0,0,0,0,0,1,0,1,1,1,1,12,0,0,4,1,0,4,3,1,0,0,2,1,1,0,0,0,0,0,2,5,0,2,0,0,1,1,0,0,1,93,1,0,2,0,2,1,0,0,0,0,2,0,0,0,0,1,4,0,0,1,0,1,5,0,1,1,1,0,0,1,0,3,0,0,0,0,0,0,0,2,1,0,0,2,1,0,9,0,0,8,2,2,2,2,0,3,17,0,0,2,1,1,0,1,0,0,2,0,0,0,1,3,0,0,0,0,1,1,0
"10","Family","Shrek.txt",0,0,0,0,0,0,0,0,0,0,0,3,0,0,0,3,1,0,0,1,0,0,1,1,0,0,2,2,0,0,0,1,1,0,0,0,0,0,0,1,0,0,7,2,2,1,0,0,0,1,0,0,0,0,4,0,0,2,1,0,0,0,0,0,0,2,0,1,3,8,0,0,2,0,0,0,0,2,0,0,0,0,0,2,1,0,2,0,1,0,3,0,2,1,4,2,0,2,0,0,3,0,2,0,1,0,0,1,0,0,0,0,0,0,0,0,1,0,7,0,0,0,0,3,3,0,0,0,0,0,0,0,0,0,0,0,1,1,0,0,0,0,0,0,0,0,0,0,1,0,2,0,1,1,2,0,1,1,0,0,0,0,0,0,0,0,0,1,0,0,0,0,0,0,0,0,0,0,0,1,1,6,0,0,0,0,0,0,0,0,0,0,0,0,0,0,0,0,0,0,0,0,1,0,0,0,0,1,0,0,0,0,0,0,1,1,0,3,0,0,1,0,0,1,0,0,0,1,0,0,0,0,0,2,0,0,0,1,1,4,0,0,1,1,0,0,1,0,0,1,0,2,0,0,0,1,0,0,0,0,0,4,0,0,1,1,0,0,0,0,0,0,0,0,0,0,1,1,1,0,0,0,0,1,6,1,4,0,1,0,0,0,4,2,0,0,0,0,0,0,0,0,1,0,2,3,0,0,0,4,1,1,0,0,0,0,4,0,0,0,1,0,0,0,0,0,1,0,1,0,1,0,0,2,5,0,14,2,0,1,0,1,0,0,0,0,0,0,0,0,1,0,4,0,0,0,0,0,2,13,0,1,1,1,0,0,1,0,2,0,0,0,1,0,0,0,0,1,1,0,3,0,1,2,0,0,0,1,0,0,1,0,1,0,8,15,1,1,1,1,0,0,2,2,0,0,1,1,2,0,0,0,0,0,0,0,0,1,0,0,7,0,2,1,0,3,1,0,0,0,0,0,0,4,1,0,0,0,0,0,0,0,5,0,0,0,1,0,0,0,0,0,17,0,0,0,0,0,0,1,0,0,0,0,1,0,2,1,0,0,0,4,0,1,2,1,1,3,0,0,1,0,0,0,0,0,1,1,0,0,0,0,0,0,0,0,0,0,0,0,0,3,0,0,0,2,0,4,0,0,0,0,1,1,0,0,0,1,0,0,0,0,2,2,0,0,0,0,0,0,0,0,0,0,0,0,0,0,0,0,0,0,1,2,0,0,0,3,0,0,0,0,0,1,0,0,0,0,0,0,0,2,1,0,0,1,0,0,0,1,0,0,0,0,0,0,0,1,0,4,1,6,0,1,0,1,0,1,0,0,1,1,1,0,2,0,0,2,0,0,0,0,0,0,0,1,0,0,0,0,0,1,1,3,1,2,0,0,1,0,0,0,0,0,0,0,2,0,0,0,0,0,3,0,0,1,0,1,0,0,0,0,1,8,5,0,0,0,0,4,8,0,0,1,0,0,3,2,1,0,0,0,0,0,3,2,0,0,1,0,4,1,1,1,0,0,2,0,0,0,0,0,0,0,8,0,0,0,0,0,0,2,1,0,0,0,2,2,3,0,0,0,3,1,0,1,0,0,0,0,0,1,0,2,0,0,0,0,0,0,1,0,0,0,0,1,0,0,0,6,2,0,0,0,0,0,0,1,0,0,3,0,0,0,0,0,1,1,0,0,0,0,0,0,0,0,2,0,0,0,0,3,0,0,1,1,2,0,0,0,1,0,0,0,1,0,0,2,0,0,1,1,1,0,1,0,0,0,1,0,0,0,0,0,0,0,1,0,4,1,1,0,0,1,0,0,0,0,2,0,1,1,0,0,1,0,2,2,0,1,1,0,1,0,0,1,0,4,0,0,0,1,0,0,0,0,0,0,0,0,1,0,1,1,0,1,1,1,0,1,1,0,0,6,5,0,0,1,0,0,0,0,1,1,1,0,1,0,2,0,1,0,0,0,0,4,0,0,2,1,1,1,1,1,0,1,0,2,0,1,4,3,0,0,0,0,0,0,0,0,0,0,0,3,0,0,0,0,0,0,0,1,0,1,0,0,1,0,0,0,0,2,0,0,0,0,2,0,0,0,0,0,0,0,0,0,0,1,0,0,0,0,1,0,0,1,0,3,1,0,0,1,0,2,0,1,0,0,0,1,0,0,0,0,0,0,1,0,0,0,0,2,1,1,1,0,1,0,0,0,0,0,1,0,0,0,1,0,1,3,5,0,0,1,3,0,1,1,1,2,3,1,0,3,0,0,0,0,0,0,0,0,0,7,1,0,0,1,0,0,0,0,0,2,0,1,0,0,0,0,0,0,0,1,0,5,1,5,0,0,1,0,1,0,7,1,2,1,0,2,0,0,1,2,0,0,0,0,0,0,0,0,1,1,0,0,0,0,0,0,1,0,0,0,1,4,0,0,0,2,3,0,1,1,0,0,0,0,0,5,0,0,2,0,1,1,1,0,2,1,0,0,7,1,0,1,6,0,1,2
"11","Fantasy","Butterfly-Effect,-The.txt",0,0,0,1,1,0,2,4,2,3,0,3,1,7,2,0,2,0,0,1,0,0,4,0,0,2,1,2,5,6,3,0,3,0,0,0,0,4,1,0,0,0,0,1,9,2,1,2,3,2,0,2,3,1,0,1,5,0,0,2,1,4,0,1,2,0,5,1,0,1,3,1,1,2,0,7,1,2,1,2,2,0,0,0,3,3,1,2,7,1,0,3,2,1,3,2,1,4,4,0,0,0,0,2,0,0,6,1,0,3,3,1,0,5,6,1,3,8,1,11,0,3,2,1,1,0,3,0,12,0,1,1,2,4,4,2,0,0,0,1,0,4,0,1,0,14,2,0,5,0,0,2,1,0,1,0,3,1,0,2,0,0,1,3,1,0,3,0,1,0,1,0,4,2,0,1,1,0,2,2,0,1,2,2,4,0,1,1,1,0,11,5,1,0,5,0,1,3,1,1,0,3,0,2,0,2,11,1,0,1,5,2,0,0,1,1,3,3,0,1,5,1,0,1,5,0,1,1,0,1,0,0,0,0,0,0,0,2,6,0,0,1,7,1,1,0,0,2,0,0,1,0,1,7,12,1,2,2,2,0,0,1,1,1,0,1,0,1,3,1,0,1,1,5,0,0,1,2,1,4,6,0,1,0,0,0,0,1,1,4,2,1,0,2,1,1,0,6,1,2,3,1,3,1,0,0,1,2,1,1,0,2,0,2,3,1,0,0,1,3,1,1,1,0,0,2,2,1,0,0,3,1,1,4,0,3,4,0,0,0,2,4,2,1,3,1,2,1,1,1,2,0,2,0,1,2,1,4,0,8,0,0,1,7,3,1,2,3,3,2,1,1,1,0,1,1,3,0,1,0,6,9,0,2,10,0,2,2,3,1,2,14,1,3,0,9,4,8,0,9,2,2,7,2,1,0,6,2,1,0,7,2,1,0,0,3,1,1,1,0,0,0,1,1,8,0,9,1,1,0,0,2,0,0,2,3,1,3,1,3,2,0,3,0,1,2,2,0,1,3,0,1,4,3,1,4,1,0,0,0,1,0,3,1,0,2,0,7,3,3,1,1,1,0,13,1,2,4,3,1,0,0,3,2,0,0,0,0,0,3,7,9,3,2,0,2,2,0,7,0,2,6,3,0,2,2,2,1,1,0,0,0,0,13,3,1,7,4,1,0,0,0,5,4,0,4,1,0,2,4,1,3,1,0,2,1,1,3,1,2,0,0,2,5,1,3,2,0,0,1,1,0,7,0,0,2,2,1,12,6,1,2,0,1,1,0,2,4,1,0,3,0,1,5,0,0,1,1,0,2,1,1,0,6,1,3,0,0,0,8,10,2,0,2,4,3,1,3,0,1,1,1,1,2,1,0,6,5,2,1,0,3,0,1,1,1,1,2,1,0,0,0,1,2,8,20,6,3,1,1,0,0,1,3,0,3,3,1,7,11,2,1,1,1,1,1,0,6,3,0,0,3,0,0,1,0,0,1,0,1,0,1,0,2,2,2,3,0,0,1,0,0,2,0,2,1,0,0,0,4,0,1,4,2,3,1,1,0,0,1,0,0,6,3,4,1,3,1,1,3,0,0,1,0,6,0,13,0,3,0,1,0,0,6,0,1,2,2,2,0,1,1,1,0,3,2,0,0,1,0,0,1,1,0,0,0,1,3,1,2,0,0,0,0,1,2,0,1,1,1,1,3,1,1,0,6,1,0,2,1,3,1,0,0,0,0,2,3,1,3,0,2,0,2,1,0,0,0,2,0,0,6,3,1,1,1,2,0,0,3,1,3,1,4,2,2,2,1,9,0,0,2,2,0,2,1,6,0,1,0,2,1,4,3,3,5,0,0,2,0,1,6,0,1,1,1,0,5,1,2,3,2,1,1,1,3,2,0,0,2,3,1,5,0,3,0,0,4,1,1,0,1,4,9,0,0,2,0,1,0,3,1,4,0,1,2,0,3,0,3,3,4,2,6,7,6,3,1,1,1,1,0,1,2,0,1,0,2,1,1,0,4,4,2,3,1,0,1,0,0,3,2,0,2,2,15,11,3,0,2,3,0,1,0,0,2,2,0,6,0,2,0,1,2,0,1,5,2,0,0,2,1,3,1,0,1,2,0,2,0,0,0,0,5,11,0,2,2,2,2,0,2,0,0,1,1,2,0,3,0,1,2,0,1,1,1,2,0,10,0,0,22,0,1,1,4,2,0,1,0,24,0,0,0,0,1,1,1,4,1,0,2,5,3,1,1,0,1,0,2,2,0,2,1,0,2,0,0,1,6,1,0,0,3,0,0,2,5,9,0,1,0,4,2,1,1,10,15,2,0,1,0,4,0,2,0,2,0,2,1,0,0,2,0,0,0,1,0,3,3,0,0,1,1,2,2,17,0,3,4,2,1,2,0,0,2,1,0,0,0,0,0,1,1,0,1,2,0,1,3,0,1,2,0,0,0,2,1,2,16,0,0,0,1,1,0,1,0,2,0,0,1,4,1,0,7,0,1,1,1
"12","Fantasy","Star-Wars-The-Force-Awakens.txt",0,0,0,0,1,0,0,6,0,4,5,1,4,4,1,1,2,0,1,1,5,1,1,1,1,1,0,0,0,2,0,0,0,3,2,94,2,0,1,10,0,2,2,0,0,2,1,0,0,4,0,0,24,2,1,1,1,1,6,0,1,0,0,2,0,1,0,0,0,8,0,1,2,0,0,1,0,0,0,1,1,0,1,0,1,1,1,2,0,4,2,6,3,0,0,0,5,4,0,0,1,0,1,0,2,0,5,0,1,7,0,0,0,3,0,1,1,0,0,0,3,2,5,0,5,4,2,1,0,1,1,0,0,0,0,1,1,3,3,4,2,5,1,0,2,43,0,0,2,0,0,3,2,5,2,1,2,3,0,3,1,1,16,1,1,0,0,3,16,1,2,2,5,4,6,1,0,1,0,1,0,0,5,1,0,4,2,5,1,1,0,12,4,3,0,0,1,0,1,1,3,1,1,1,1,0,0,1,1,0,1,0,1,0,0,0,1,2,0,0,0,2,0,2,0,0,1,1,0,5,0,1,4,1,0,2,5,1,0,1,2,6,9,0,1,1,0,0,4,0,0,0,0,3,4,0,1,5,2,3,2,3,1,3,4,1,0,0,2,2,2,0,0,2,22,14,0,0,2,1,2,0,0,2,12,4,7,1,2,1,0,0,1,2,2,9,0,1,0,1,1,1,3,2,0,0,1,0,2,1,0,0,2,2,0,3,11,1,2,0,3,0,2,0,0,0,1,1,2,1,0,0,1,3,6,5,5,0,2,0,15,1,0,1,0,0,0,2,2,2,0,3,0,1,8,3,0,0,0,1,0,0,7,3,0,0,2,3,0,1,2,0,3,0,1,2,10,0,1,5,0,9,0,0,0,0,0,0,1,0,0,0,0,1,1,0,1,0,7,1,0,2,2,0,0,7,0,0,0,2,8,1,0,0,0,2,2,0,6,0,1,1,0,1,0,2,4,2,3,3,0,2,0,0,4,1,0,1,6,4,0,0,0,12,1,20,1,1,9,0,0,4,0,4,1,4,0,0,0,2,0,0,0,2,7,2,4,9,3,0,0,2,1,1,0,0,0,5,0,0,0,1,2,7,4,4,3,1,0,0,0,9,0,1,6,3,0,0,0,0,8,0,3,0,7,1,0,0,1,4,0,1,1,0,0,0,0,0,0,1,0,1,0,0,0,0,0,2,0,0,0,3,1,1,1,2,0,1,3,1,0,1,1,1,1,1,1,0,10,11,4,2,1,2,0,0,6,0,0,5,3,0,2,1,0,0,1,2,1,5,4,3,2,8,0,0,1,6,0,0,11,5,0,0,3,0,2,3,1,0,7,0,3,1,3,1,2,5,3,7,1,5,2,3,3,2,2,0,2,3,2,3,0,2,1,1,0,1,1,3,2,0,0,3,0,0,6,2,1,4,0,2,1,0,0,0,0,0,2,0,0,0,1,0,4,0,1,1,1,0,0,3,1,0,0,1,0,0,1,1,0,0,1,0,0,0,1,11,1,0,11,0,0,0,5,0,1,1,0,0,1,2,1,0,0,1,0,7,1,7,0,3,2,0,3,1,2,1,6,0,1,0,1,1,0,3,0,0,5,2,1,3,2,4,1,1,4,0,1,1,3,0,4,0,0,0,4,9,0,1,4,3,1,0,0,1,3,7,0,3,1,0,7,2,2,0,1,0,3,0,4,0,0,0,1,0,1,0,1,1,1,4,2,1,0,1,1,0,10,0,1,0,2,2,6,0,0,1,1,0,0,2,4,0,0,0,0,0,0,6,6,1,3,1,1,1,0,2,0,0,0,1,25,6,0,0,1,1,2,0,4,2,2,1,1,3,1,2,5,2,0,1,0,3,0,1,0,1,2,1,2,2,2,1,3,0,1,0,0,4,1,2,0,0,1,7,0,1,0,1,0,0,3,0,0,0,0,1,0,16,0,2,1,0,0,1,3,0,1,2,1,1,0,0,6,0,0,0,0,2,0,0,0,2,1,0,1,0,1,1,0,1,0,0,0,1,0,2,0,1,2,0,0,24,1,0,0,3,1,0,1,1,1,3,4,2,3,0,0,9,7,1,1,0,1,1,1,0,14,0,2,0,0,2,2,1,3,2,1,3,0,0,2,1,0,0,1,0,0,1,2,1,0,9,0,30,1,0,0,0,0,0,1,12,0,2,4,1,0,0,5,0,0,0,0,0,1,2,0,1,0,1,1,1,4,0,1,2,1,1,1,1,6,0,7,3,1,0,0,4,8,0,1,2,1,4,1,1,1,1,0,0,0,3,1,3,0,0,0,3,5,4,4,3,2,6,0,16,0,0,87,3,4,0,2,0,4,1,2,51,0,1,1,1,8,2,0,1,2,7,3,4,2,1,2,3,0,7,6,2,2,1,2,2,3,1,1,1,4,2,1,2,3,1,0,2,0,74,1,1,0,0,39,0,3,1,0,1,2,5,0,2,18,1,4,0,0,3,2,0,1,3,3,0,0,3,3,3,3,1
"13","Horror","Scream-2.txt",0,1,2,0,0,1,3,0,14,7,0,0,2,3,0,1,2,0,0,0,0,0,0,0,2,0,1,7,5,0,0,1,0,0,1,0,1,7,0,0,0,0,0,0,1,0,0,1,1,0,2,5,0,0,0,4,10,0,2,1,1,4,5,0,0,1,1,0,0,3,0,1,3,4,3,0,1,0,1,0,1,3,0,1,4,2,0,0,1,3,1,4,0,0,1,0,1,1,2,2,2,1,0,2,0,0,1,1,0,6,0,3,0,1,1,0,0,3,0,0,1,0,6,1,0,0,3,0,1,0,0,0,3,3,2,0,0,0,0,4,6,1,0,0,0,3,1,4,0,1,0,1,2,3,0,4,0,0,0,2,0,1,8,1,0,2,1,2,0,1,0,1,0,0,1,1,0,0,1,0,4,0,0,6,0,2,3,3,1,1,0,1,0,1,0,0,1,0,0,0,0,0,3,0,0,0,2,0,1,3,0,0,1,1,1,0,0,0,1,3,2,1,0,0,0,1,5,0,0,1,0,1,1,0,3,0,3,0,4,3,7,0,2,0,0,0,1,0,1,0,0,1,3,4,3,0,0,1,1,0,1,1,1,1,0,2,0,0,3,0,1,11,3,5,3,0,0,2,0,0,0,2,0,0,7,0,8,1,1,0,1,2,2,6,1,4,2,1,1,0,0,3,1,3,1,0,2,2,0,1,1,0,0,1,0,0,0,3,2,1,0,0,0,0,1,1,2,6,2,0,0,0,1,0,0,2,10,0,0,0,4,11,2,1,4,0,0,1,1,1,0,1,0,1,0,0,0,4,0,0,2,3,0,7,1,0,0,0,1,0,0,3,0,0,0,2,2,0,0,0,5,3,0,1,8,0,0,0,3,1,0,4,1,2,0,3,5,7,3,27,3,1,0,0,2,0,3,0,0,0,4,0,2,0,6,0,0,0,6,0,1,0,0,0,9,6,2,1,1,2,3,4,1,0,1,0,0,0,3,3,0,0,0,9,2,0,0,0,0,5,0,0,3,0,2,1,11,1,0,0,1,3,2,1,3,0,0,0,5,0,0,11,0,0,0,3,6,4,1,0,2,0,1,1,3,0,10,1,1,3,4,5,1,1,1,2,1,1,1,0,1,2,2,3,2,2,1,1,2,4,3,1,1,67,0,0,1,0,0,1,1,1,1,3,1,2,2,0,26,0,3,3,1,0,1,2,0,0,0,0,0,1,0,1,0,0,0,1,3,14,1,0,0,2,1,0,1,0,2,1,1,3,1,2,0,1,0,5,1,0,0,1,0,2,0,4,2,9,0,6,0,0,0,3,0,0,0,2,0,3,0,7,3,0,2,0,2,6,0,16,0,4,6,5,0,4,17,0,3,1,0,3,1,1,2,1,1,0,3,0,0,3,1,2,0,23,4,0,2,0,0,0,2,0,0,3,3,0,1,0,0,1,0,0,0,1,0,0,1,2,0,0,0,0,0,0,2,2,3,1,1,3,0,4,0,0,0,0,0,0,0,2,0,1,0,1,0,1,0,2,1,3,12,1,10,0,0,3,0,0,0,0,0,2,7,2,1,5,5,1,2,1,0,0,0,0,17,0,1,0,4,0,0,3,0,0,0,0,0,1,0,0,1,0,1,0,1,2,1,1,0,0,2,0,4,0,0,3,4,1,0,3,0,0,0,1,4,3,0,2,0,3,0,1,0,9,0,1,0,0,1,3,0,1,0,1,0,0,3,0,2,0,1,6,0,0,0,0,0,3,4,1,1,0,0,1,3,4,0,0,1,0,1,9,1,2,0,0,0,1,0,0,0,1,1,0,1,0,1,0,6,1,0,2,0,0,0,0,0,3,0,1,0,4,1,0,0,1,0,2,2,0,1,0,1,15,2,0,1,5,2,0,2,0,3,1,1,0,2,2,0,3,4,0,0,0,1,0,1,0,0,0,0,1,0,0,0,1,0,0,0,1,0,4,2,8,0,0,4,1,2,4,0,0,1,1,0,0,2,0,0,1,0,2,0,1,0,2,0,1,3,0,0,0,1,2,2,2,0,0,0,0,0,5,2,2,1,2,0,1,0,0,0,0,1,1,0,1,0,1,3,1,2,0,0,0,0,0,0,2,0,0,2,1,44,1,4,2,0,1,1,0,2,0,2,0,2,0,1,1,9,1,1,0,1,1,0,1,9,0,0,0,3,1,0,0,3,0,2,1,1,0,1,1,0,1,0,2,2,1,2,3,3,0,1,4,1,0,0,0,7,0,0,7,0,2,0,1,0,1,3,0,1,0,0,0,1,0,1,0,2,0,3,1,1,1,3,1,5,1,45,1,0,2,0,1,2,1,0,0,1,0,1,0,0,1,1,2,5,2,0,2,0,0,1,0,0,1,2,3,1,0,3,2,0,1,3,0,2,0,0,1,3,2,0,0,2,0,1,1,1,2,2,3,1,0,1,4,1,0,0,0,37,8,1,1,1,0,3,0,0,0,8,2,0,2,0,1,2,0
"14","Horror","Shining,-The.txt",0,3,0,0,0,0,0,0,0,0,0,2,0,29,0,0,0,38,0,3,0,0,0,0,1,1,9,0,10,7,0,0,0,1,0,0,1,31,0,0,0,0,0,1,29,0,1,0,3,0,0,3,0,0,0,0,0,0,1,0,2,1,1,0,6,1,0,3,0,0,0,0,1,0,0,0,0,0,0,0,0,0,0,1,1,0,0,0,2,0,0,0,0,0,0,0,1,1,1,3,0,1,2,2,1,0,0,0,0,0,0,0,0,2,0,4,0,0,0,6,0,0,0,2,1,0,3,2,0,0,0,0,0,0,0,0,1,0,0,3,0,3,0,1,0,62,0,9,0,0,0,0,0,0,0,2,1,0,0,0,0,0,0,2,0,0,0,4,0,0,0,0,0,0,0,3,0,0,0,0,0,1,0,0,0,0,0,0,0,0,33,0,0,0,63,0,12,0,1,2,0,0,1,0,2,3,1,7,0,0,5,2,1,0,0,0,2,0,0,0,0,0,0,0,2,0,0,1,0,0,0,0,2,15,0,0,0,1,9,1,0,0,11,0,2,0,0,0,0,3,0,0,0,0,5,1,0,0,4,0,0,0,1,0,0,0,0,0,0,3,2,2,1,1,0,0,2,0,0,0,0,1,0,2,0,2,0,0,0,2,1,0,0,0,0,0,0,0,0,0,0,0,1,0,1,1,0,14,0,1,0,0,0,0,0,2,0,0,0,0,0,0,0,1,0,5,0,0,0,0,0,0,1,10,0,0,0,3,0,0,0,0,0,1,0,0,2,1,0,0,4,0,0,0,0,0,0,3,0,0,0,0,1,1,173,5,0,0,0,0,0,1,1,0,0,0,0,0,0,1,1,8,0,0,1,0,2,0,1,1,0,2,0,1,0,2,4,28,3,20,4,0,0,8,1,7,13,2,0,3,4,0,8,0,0,0,1,0,0,8,1,0,0,0,22,0,0,0,0,1,3,0,0,0,0,0,1,0,0,0,0,2,1,0,0,0,0,0,0,0,1,0,6,0,0,2,0,1,0,14,0,5,4,0,0,0,1,0,1,1,0,1,1,1,0,4,2,0,0,0,0,0,0,0,3,2,0,0,0,0,1,0,0,0,7,0,0,2,0,1,2,0,0,2,1,1,2,0,0,1,0,0,0,76,0,0,1,0,0,0,0,0,2,0,3,1,0,0,1,0,0,0,0,2,0,1,1,0,0,0,0,0,1,2,0,0,0,6,0,0,0,29,0,0,0,1,0,1,3,0,0,0,1,0,0,0,0,0,0,1,0,0,0,8,3,0,0,0,2,27,0,0,1,0,0,0,0,15,0,0,0,0,0,0,0,0,0,4,0,0,0,1,2,0,0,0,0,1,0,0,1,0,3,0,0,0,0,0,0,0,0,0,3,0,0,0,0,0,0,13,0,1,0,0,4,0,0,3,0,0,0,0,1,0,0,0,0,0,0,0,0,2,1,0,0,0,0,0,1,0,1,0,0,0,1,0,0,0,0,0,35,0,0,0,0,0,2,0,6,0,0,0,0,0,0,1,0,0,0,2,5,1,0,0,0,0,0,1,0,0,3,13,0,2,2,0,0,2,1,0,1,0,0,1,2,0,0,0,0,0,0,3,0,0,0,4,1,5,1,0,0,0,0,1,3,0,1,0,0,0,1,0,0,1,0,2,0,4,1,0,0,2,0,0,2,5,0,0,0,3,0,1,2,166,0,0,0,7,5,0,6,1,0,1,1,0,0,2,3,0,1,0,0,0,0,2,1,1,0,0,0,0,2,0,0,0,0,0,9,0,0,0,0,0,0,0,0,3,0,0,0,1,0,0,0,0,8,0,0,1,2,1,0,1,0,1,0,0,0,3,0,0,0,1,0,0,1,1,1,0,0,1,0,8,1,0,0,2,1,1,0,0,0,1,0,0,1,0,0,0,0,0,0,0,0,3,2,0,0,0,0,0,0,0,1,0,0,0,0,1,0,3,0,0,0,0,0,1,1,0,3,0,1,0,0,0,1,0,0,1,2,2,2,3,0,5,4,0,6,1,0,1,0,0,0,1,0,0,0,0,0,0,1,0,0,0,0,0,0,1,1,0,2,0,0,1,0,3,0,1,1,4,0,0,1,0,1,0,0,0,1,1,0,2,0,0,2,0,2,0,0,0,0,10,0,0,0,0,4,19,3,1,0,0,0,0,0,0,0,2,0,0,0,0,0,1,0,0,2,0,5,1,0,1,1,0,0,0,1,1,24,2,2,0,0,0,0,0,0,0,1,1,0,0,0,0,2,0,4,2,3,1,0,0,0,2,0,0,2,0,33,1,0,0,0,1,0,0,0,1,0,0,0,0,0,1,0,1,1,0,0,0,0,0,3,1,0,0,0,0,0,2,0,1,0,0,0,1,0,1,0,1,2,0,0,10,0,1,0,2,0,1,0,0,5,0,2,0,0,0,0,0,0,0,0,2,0,1,1,1,1,2,0,1,1,0,2,0,0,1
"15","Romance","Midnight-in-Paris.txt",0,1,2,1,0,0,1,0,1,0,0,3,0,0,0,0,0,1,0,1,0,0,0,0,0,2,3,0,0,0,0,1,0,2,0,0,0,4,0,0,1,0,0,3,0,2,0,0,0,0,1,0,0,0,0,0,0,0,0,0,0,0,0,0,1,0,3,1,0,1,2,2,0,0,0,0,0,0,0,0,0,0,0,0,0,0,0,1,0,0,0,1,2,0,1,0,0,0,1,1,0,0,1,0,0,0,0,3,0,2,0,0,0,0,1,0,4,3,0,0,0,9,2,0,0,0,0,0,1,0,0,3,0,0,0,1,1,0,2,1,0,0,0,0,0,0,3,0,0,0,0,0,0,0,1,0,0,0,0,2,2,0,0,0,0,0,0,0,0,0,0,0,0,0,1,0,1,0,3,0,1,11,0,1,0,0,0,0,0,0,4,1,0,0,4,3,0,0,1,1,0,0,0,1,0,8,3,3,0,0,0,1,0,0,0,0,0,0,5,2,1,0,0,0,0,0,0,1,6,0,6,0,0,0,0,0,2,1,2,0,0,1,3,0,3,0,0,0,0,4,0,2,0,1,0,1,1,4,1,2,1,0,0,0,0,0,1,0,0,0,0,2,0,0,0,0,0,0,0,0,0,0,0,0,0,1,0,0,1,0,0,1,1,1,1,0,0,0,0,0,1,0,0,0,2,3,0,0,0,0,0,0,0,0,0,0,0,0,0,0,0,0,0,2,0,3,2,0,0,0,0,1,0,0,7,0,0,1,0,1,0,0,0,0,0,3,4,0,1,0,3,0,2,2,0,0,0,1,0,0,0,1,0,1,15,0,3,0,0,7,0,0,0,0,1,1,0,3,0,1,4,0,1,0,1,33,1,0,0,0,1,0,1,0,0,3,1,0,0,0,1,0,0,1,0,0,0,0,0,0,1,0,0,0,0,1,0,1,1,0,3,1,0,0,3,0,0,0,0,0,0,0,4,10,0,2,2,0,3,0,0,0,8,0,0,0,0,0,0,0,0,1,0,0,0,0,0,0,0,0,0,0,0,0,0,0,1,1,0,0,0,0,0,1,0,2,0,0,0,0,1,1,0,0,2,0,0,0,0,0,2,0,5,1,0,0,0,0,5,0,0,0,3,0,3,0,0,2,0,0,0,1,3,3,1,0,3,0,0,0,0,1,3,2,1,0,0,0,0,1,0,0,0,1,0,0,0,0,1,0,19,5,0,1,0,1,1,3,0,0,0,0,0,11,0,0,0,0,2,1,0,0,2,0,0,0,0,0,0,0,3,0,2,0,0,1,0,0,6,2,0,0,0,0,0,0,0,0,0,0,1,1,0,2,0,0,0,1,0,0,1,1,0,0,1,0,0,3,1,0,3,0,1,0,0,0,0,0,2,0,0,1,0,0,0,0,0,0,0,0,4,1,3,0,0,0,2,2,1,0,0,0,0,0,0,0,0,0,2,1,1,0,0,1,0,0,0,1,0,0,0,0,0,1,0,0,1,0,0,0,0,0,0,0,0,0,0,0,2,0,0,0,0,0,0,0,0,0,0,0,0,0,0,1,0,0,0,0,0,0,1,3,1,0,1,0,8,4,0,0,0,0,1,0,0,0,0,3,1,0,0,0,0,0,0,0,0,0,0,0,0,0,1,0,1,3,0,0,0,0,0,1,4,0,0,0,1,0,0,0,0,2,0,0,0,7,0,0,2,0,0,4,4,0,2,0,0,0,0,0,0,0,2,3,0,0,2,0,0,0,1,0,0,0,1,3,0,0,0,0,0,0,1,0,0,0,0,1,1,0,0,1,0,1,0,0,0,0,0,0,3,0,0,0,0,0,6,1,0,0,0,0,0,0,1,1,0,1,2,0,1,1,1,0,0,0,0,0,7,0,0,1,0,1,2,0,2,2,0,0,0,2,1,0,0,0,0,0,0,0,0,0,0,6,1,0,0,0,0,0,1,0,0,1,0,0,1,0,0,1,0,0,3,0,0,3,0,1,6,4,1,0,0,0,1,0,0,0,0,2,3,4,0,0,0,0,0,1,3,0,0,0,1,0,0,0,0,0,0,0,0,0,0,0,1,1,2,0,0,3,2,5,0,1,0,2,0,3,0,1,2,1,0,3,4,0,2,0,0,1,0,0,1,0,0,0,0,2,0,1,1,0,0,0,3,0,0,0,1,0,1,0,1,1,0,0,0,0,0,0,0,1,0,0,0,0,0,0,1,2,2,2,1,0,1,0,2,1,1,0,1,3,0,1,1,0,1,0,1,0,2,3,1,0,0,0,15,3,11,0,0,0,0,0,0,0,4,0,0,0,88,0,0,0,0,0,0,1,0,0,0,0,0,0,0,0,0,0,1,1,0,0,0,4,1,0,0,0,0,0,0,0,0,1,0,0,5,0,1,0,2,0,0,0,2,1,0,0,0,3,1,1,0,1,0,1,0,0,0,0,1,0,0,1,0,0,0,0,0,3,0,5,0,1,7,0,1,0,0,5
"16","Romance","Twilig.txt",17,7,2,3,1,1,12,3,0,1,0,2,0,3,1,3,2,0,1,0,0,1,0,0,1,2,1,1,1,10,0,0,0,1,5,0,2,4,1,1,8,0,1,3,3,0,0,0,1,0,7,0,1,1,1,2,1,1,1,1,0,4,1,0,0,2,0,0,0,1,0,1,0,0,1,0,0,2,2,0,0,0,0,0,2,1,2,4,0,0,0,1,5,1,0,3,4,2,3,1,2,1,0,0,3,2,3,1,2,0,2,0,5,1,0,0,4,0,1,0,4,2,10,0,6,2,2,2,7,2,4,0,1,4,0,1,2,0,1,0,4,3,0,0,0,0,0,2,1,2,0,0,0,0,1,1,2,0,1,1,1,3,6,2,0,2,0,0,0,4,1,1,0,3,0,0,2,1,0,1,2,3,4,5,0,4,3,3,2,0,2,0,1,0,4,0,3,3,2,2,1,0,0,1,0,5,3,0,3,1,6,3,2,0,0,1,0,0,5,2,2,0,2,1,0,5,0,3,1,4,0,2,5,2,0,1,1,1,1,0,0,0,14,1,3,0,0,6,1,0,2,1,3,0,12,0,4,1,3,0,1,6,0,0,0,1,1,0,1,1,0,2,1,1,0,0,2,0,0,0,0,1,2,0,2,1,2,4,1,3,2,0,0,0,0,7,1,1,2,3,1,0,2,7,0,2,9,3,0,2,0,2,2,1,3,2,0,4,1,0,14,5,3,0,0,1,0,0,3,1,9,0,2,0,3,3,0,0,0,0,4,2,2,0,2,0,0,2,0,0,0,1,2,1,0,0,0,2,0,1,2,1,1,1,9,2,4,0,2,0,0,1,1,0,1,1,1,1,0,0,3,1,75,3,0,0,2,1,1,4,1,10,1,1,0,4,3,8,2,1,2,1,2,0,0,4,4,6,0,0,2,1,1,3,7,0,1,1,1,0,0,0,1,2,2,2,2,0,2,2,1,2,0,1,0,3,2,1,0,0,0,0,0,2,0,3,4,0,0,1,1,4,8,0,1,1,0,2,7,3,0,1,0,0,4,2,0,0,2,1,1,2,2,1,3,0,5,1,0,1,0,1,1,0,2,0,0,1,1,0,1,8,1,6,0,0,0,0,3,1,2,6,2,1,0,1,1,2,1,1,1,1,2,17,6,5,1,0,0,0,0,1,1,4,1,1,0,1,12,1,1,3,1,0,0,0,1,0,1,0,1,1,0,2,4,0,0,3,3,3,0,0,3,7,0,1,0,1,1,8,1,3,0,0,5,0,5,0,1,1,0,0,0,1,1,2,0,3,10,11,0,1,2,1,0,3,0,0,0,7,0,7,1,1,2,1,0,2,0,3,0,2,0,0,1,0,5,1,0,1,2,0,4,0,2,3,0,0,2,2,1,1,0,1,5,0,2,1,0,1,4,1,2,0,0,0,0,0,5,1,0,1,0,0,3,3,0,0,0,0,1,3,1,11,0,0,0,6,1,1,2,5,1,4,4,3,0,2,3,0,0,0,1,0,2,2,1,1,0,10,1,1,8,1,2,0,1,0,1,0,0,0,3,2,10,0,0,0,0,2,1,2,1,2,0,1,1,0,5,5,0,6,0,0,2,1,4,2,0,0,0,0,0,1,2,1,0,0,2,0,1,0,2,3,0,1,3,4,2,1,1,0,0,1,1,2,0,2,1,0,5,2,6,0,0,2,1,0,2,4,0,9,4,0,0,0,0,0,11,0,3,25,2,3,6,0,0,0,0,0,1,0,0,0,1,0,0,4,1,0,0,5,0,4,3,1,0,3,0,0,1,0,1,0,1,1,2,0,0,1,2,3,6,2,0,0,2,4,3,3,0,1,0,2,1,0,0,1,1,3,2,0,7,2,2,2,0,1,0,10,6,4,3,0,4,0,1,2,1,5,1,0,2,2,1,1,5,1,2,5,0,0,2,0,1,1,0,0,0,2,2,4,1,13,7,0,0,1,0,2,2,2,10,3,0,1,0,3,1,1,2,1,0,2,0,1,2,3,5,2,0,0,1,19,0,0,0,2,4,0,0,1,3,4,0,4,0,0,8,7,0,6,1,0,2,0,0,3,0,2,1,1,1,2,1,0,1,2,1,1,1,0,0,3,1,0,0,3,5,1,0,1,0,2,1,0,0,0,2,1,5,0,0,0,4,2,0,0,32,0,0,0,1,4,0,0,0,0,0,1,9,0,0,1,0,0,1,0,2,2,3,2,7,1,5,0,1,0,1,1,0,3,0,0,1,0,0,1,0,1,5,0,2,1,0,2,1,1,0,1,0,1,3,0,0,0,1,11,2,0,1,0,0,0,0,0,0,1,0,0,0,1,1,2,0,3,0,3,5,1,0,0,0,0,0,0,2,1,0,1,0,0,0,1,1,0,0,1,3,1,0,1,1,1,0,1,1,0,1,1,0,0,1,0,2,3,0,2,1,11,1,0,1,1,1,1,0,2,2,0,0,0,2,0,1,0,1,1,4,2
"17","SciFi","Alien.txt",5,1,3,0,1,4,2,3,0,1,2,0,1,12,1,1,1,0,0,0,7,1,0,0,2,0,0,3,0,3,0,0,0,2,3,19,2,0,0,2,0,6,1,0,0,1,1,2,6,2,2,0,6,1,1,0,1,5,7,0,0,3,1,1,0,1,0,0,2,51,1,1,0,3,3,0,0,1,1,0,0,0,0,0,0,0,1,3,1,14,13,0,1,0,0,0,10,0,4,0,0,0,0,2,7,2,0,0,1,0,2,1,0,0,0,0,0,7,2,1,0,1,3,2,1,5,5,3,2,5,10,0,4,0,2,3,0,1,0,1,32,0,0,1,0,29,1,0,0,0,2,0,2,2,0,0,0,0,2,0,4,1,15,1,0,2,1,0,2,0,1,1,0,0,1,0,4,0,0,0,0,1,9,4,1,1,0,0,0,0,3,4,1,1,0,0,5,1,1,0,0,0,0,5,6,0,0,0,0,0,1,0,4,1,1,0,0,43,0,0,0,2,0,0,2,0,4,3,1,14,0,0,1,8,3,0,3,0,0,4,1,2,2,1,0,2,0,2,0,2,1,1,0,0,0,0,0,0,1,0,0,0,1,0,0,0,0,0,2,1,5,4,1,1,5,2,1,2,4,1,5,2,1,2,0,0,3,2,2,0,0,1,9,2,0,1,0,5,1,2,0,0,0,0,2,1,0,0,1,2,2,1,0,4,0,0,0,0,0,1,3,0,1,0,0,0,0,3,0,2,0,1,0,4,1,2,0,0,0,4,3,1,2,0,0,2,2,1,1,1,2,5,0,2,1,26,1,0,0,0,1,0,10,2,0,6,3,1,0,0,0,3,1,1,0,1,11,0,167,1,6,0,0,0,3,0,0,0,2,0,1,0,0,0,0,0,0,0,0,1,0,1,1,0,0,3,0,0,1,1,3,1,0,1,9,0,1,0,18,1,1,1,0,1,0,2,7,7,2,1,0,2,0,0,4,2,0,1,13,0,0,1,0,10,3,2,0,1,0,3,0,0,0,0,1,0,1,0,0,0,3,0,1,1,2,0,1,5,0,1,3,4,2,1,13,0,3,1,0,0,0,0,0,1,11,0,0,0,1,2,0,1,0,0,8,2,1,1,0,0,0,0,0,0,0,0,0,7,0,10,0,0,0,0,0,1,4,0,3,1,3,0,0,0,1,3,0,7,0,0,3,2,0,1,1,1,2,0,2,0,2,0,0,0,0,0,7,4,1,1,2,11,0,0,0,3,2,1,1,1,4,1,2,0,2,2,0,4,1,1,0,0,0,6,1,0,3,0,0,0,1,2,1,1,1,1,1,1,0,0,0,3,0,0,1,0,5,0,1,2,1,0,3,10,0,6,1,2,1,0,3,0,1,1,0,1,0,0,2,3,0,0,1,0,0,4,4,2,0,0,0,0,1,0,2,0,0,6,2,2,1,0,0,0,1,0,5,4,2,1,0,0,0,0,7,1,0,4,3,0,0,0,1,0,0,0,4,0,1,1,0,1,2,4,3,0,2,6,3,6,0,2,0,0,0,3,1,0,2,0,3,4,2,0,0,6,0,1,8,3,1,0,0,2,6,1,0,0,2,0,1,3,0,0,1,2,7,1,0,3,1,1,10,4,1,0,20,16,0,1,1,3,0,2,0,0,0,0,2,0,2,0,0,0,0,3,3,2,0,0,8,0,0,0,0,0,1,0,3,7,0,0,0,0,2,3,0,3,0,1,2,0,0,0,0,3,0,5,0,2,0,0,3,0,1,1,1,0,1,2,3,1,2,1,3,6,1,1,2,1,0,0,1,1,1,2,1,0,1,0,4,0,0,1,1,3,0,1,9,2,1,0,12,2,0,1,1,0,0,1,0,2,1,0,6,1,3,2,2,0,0,0,0,4,0,3,0,2,0,3,0,1,3,0,1,0,1,0,5,0,1,1,1,0,0,0,3,0,0,4,5,0,3,0,1,0,0,1,0,0,0,1,0,1,0,2,3,0,1,0,6,2,2,1,1,0,0,1,0,0,1,1,2,0,0,0,1,0,0,2,2,1,2,0,4,0,3,2,0,6,2,0,2,2,0,1,1,0,1,0,2,0,2,0,1,0,1,2,4,1,0,0,0,1,0,5,0,0,0,0,4,0,2,5,0,12,0,1,12,7,0,1,2,1,0,0,2,0,0,12,0,0,2,0,1,1,1,2,0,1,0,0,1,0,2,4,1,0,5,0,2,1,0,0,0,0,0,2,9,5,0,2,1,0,0,1,1,3,0,1,0,0,5,0,1,1,2,0,0,0,0,4,0,0,1,3,0,1,1,2,68,0,1,0,1,3,0,0,0,0,3,2,2,3,6,2,3,2,0,0,3,0,1,0,2,2,0,4,0,0,26,0,0,0,0,1,1,4,0,0,0,2,2,2,1,0,0,103,0,0,0,0,1,5,6,3,2,0,1,0,0,4,1,0,0,0,1,3,2,0,0,1,0,0,0,0,0,0,1,0
"18","SciFi","Men-in-Black.txt",0,1,1,3,1,1,0,0,0,2,0,0,2,0,0,4,7,1,1,1,2,0,1,2,6,2,1,0,1,9,1,0,2,0,1,2,0,0,1,6,1,3,1,0,0,2,1,16,3,1,2,1,5,0,0,3,1,1,0,2,0,2,5,1,0,0,3,0,0,2,0,3,1,1,0,0,0,0,1,1,0,2,0,0,1,1,2,1,4,16,1,6,2,4,11,2,5,3,0,5,0,0,1,3,3,1,0,0,3,4,2,1,0,0,2,1,2,1,0,7,2,16,1,4,2,4,2,5,7,0,1,0,1,2,2,3,0,0,1,0,4,0,0,2,2,17,1,15,0,3,1,0,3,2,3,1,0,3,0,0,1,1,5,1,2,0,1,3,2,0,0,0,1,0,1,1,0,1,1,3,1,0,2,2,2,2,1,2,0,4,3,0,1,0,5,3,4,3,0,8,2,1,3,1,5,0,3,1,19,6,1,4,1,0,1,2,4,2,0,2,1,19,2,0,6,0,1,0,0,4,1,1,9,2,4,2,0,1,0,6,6,0,0,1,3,0,6,1,2,5,0,20,0,3,2,0,0,1,1,1,0,2,3,0,3,0,3,3,0,1,1,0,1,0,2,1,0,1,3,1,4,4,1,6,7,2,12,2,1,1,1,0,4,1,1,6,2,0,2,3,1,1,3,0,2,1,2,6,2,1,1,0,2,4,2,5,5,2,0,1,3,1,1,6,1,1,0,2,3,0,1,1,0,0,3,2,0,0,5,1,3,7,5,0,1,1,1,1,0,1,5,1,2,3,0,15,0,0,0,2,2,0,2,1,0,2,10,3,0,3,0,5,0,1,0,1,1,2,0,3,0,1,8,1,1,3,0,3,0,3,1,0,0,1,0,2,0,7,0,1,0,0,1,1,0,11,1,0,0,1,5,1,3,2,14,0,0,1,2,0,0,0,0,0,0,3,1,1,0,1,0,4,1,1,2,2,2,0,5,1,0,0,1,3,2,2,3,1,0,3,0,1,0,3,1,1,5,0,0,0,1,1,0,0,1,0,2,0,4,5,0,0,2,3,2,1,4,4,1,1,1,2,0,5,2,2,1,3,1,0,3,5,0,0,3,0,1,1,1,8,7,0,3,1,1,0,0,3,0,4,2,2,1,6,2,1,2,3,4,0,2,2,0,0,1,13,1,5,3,0,3,0,1,1,3,0,1,1,0,1,1,1,1,0,0,1,1,2,3,8,2,2,2,1,1,1,1,0,2,0,5,0,4,1,1,0,0,4,0,1,1,1,0,11,1,4,1,3,1,18,1,2,1,2,1,7,3,1,2,2,1,1,1,1,0,1,0,0,3,0,1,5,5,5,5,1,4,4,2,1,5,0,2,2,0,0,0,1,5,3,1,0,4,4,7,9,2,1,6,5,11,2,0,3,1,7,2,1,2,0,3,1,4,0,5,1,0,2,4,1,0,0,1,9,2,2,0,3,0,0,1,5,1,2,1,0,4,1,8,1,0,2,1,1,0,1,10,1,0,4,1,0,1,1,4,0,2,0,4,0,4,14,0,0,2,4,1,5,1,4,0,12,1,3,6,1,22,1,0,0,1,0,1,1,2,4,0,0,1,5,0,2,2,1,3,3,1,1,0,4,6,4,1,0,0,0,1,6,1,2,0,3,3,2,1,0,1,0,6,0,8,0,0,1,3,2,1,1,2,2,4,9,3,0,10,0,0,4,3,1,2,24,0,0,0,0,1,18,1,2,0,0,0,8,0,0,0,1,1,0,3,2,4,3,0,3,1,2,0,2,1,0,18,11,0,1,1,1,0,4,0,1,7,1,2,0,5,0,0,1,0,3,1,1,2,0,2,2,1,2,4,0,3,0,3,5,3,0,0,0,1,0,3,2,3,1,1,0,1,1,3,0,1,2,0,0,1,1,4,3,0,0,1,3,1,1,0,1,0,0,2,0,2,0,1,2,2,2,2,1,4,0,1,3,2,0,0,1,0,0,3,2,0,1,0,0,1,2,4,1,0,1,0,1,1,0,0,3,0,2,2,2,3,1,3,1,3,3,0,5,1,5,0,2,1,3,1,1,1,1,0,0,4,2,2,1,1,4,2,0,0,3,1,2,1,0,0,0,0,2,3,0,2,5,3,17,2,0,0,0,3,2,0,2,1,0,3,1,2,0,1,6,1,0,5,0,1,5,2,2,2,0,1,2,0,2,2,0,0,0,3,1,3,1,2,0,2,2,1,2,5,3,3,0,0,2,0,1,1,0,0,0,0,4,5,1,0,1,3,3,3,1,0,1,2,0,1,1,2,0,86,1,2,1,1,0,0,0,1,2,2,1,0,2,0,0,1,0,0,2,2,1,3,2,1,1,6,0,2,2,1,3,0,0,0,1,1,2,2,1,1,0,0,3,0,3,0,15,2,1,0,0,3,4,0,3,2,1,1,3,21,0,0,3,0,0,0,0,3,0,2,0,3,1,1,1,1,0,2,1
"19","Thriller","Eagle-Eye.txt",3,2,1,3,1,0,6,1,5,4,5,0,5,0,0,0,1,14,0,0,2,4,5,1,1,0,0,2,1,0,1,3,0,9,1,4,2,5,0,1,1,2,0,0,0,1,0,8,0,1,0,0,5,2,0,2,4,2,4,1,0,0,2,1,2,0,3,0,2,0,1,0,3,1,1,19,1,2,1,0,1,2,4,0,0,2,2,3,4,5,0,3,4,0,8,1,0,0,1,23,2,0,1,0,5,3,0,0,0,5,0,1,0,3,3,0,4,3,0,0,0,9,1,0,2,1,1,1,3,0,0,1,2,1,1,0,0,3,2,0,16,0,0,2,6,6,1,3,1,1,1,4,2,0,2,0,4,1,2,2,3,1,1,0,5,2,3,1,2,0,2,1,2,3,2,0,9,0,1,1,0,0,0,0,1,0,0,1,0,5,1,3,0,0,0,4,0,1,0,1,0,2,1,2,1,0,0,1,5,3,3,5,1,1,2,2,13,1,3,0,2,0,1,0,4,1,2,2,1,2,1,0,2,8,4,2,2,1,0,5,6,3,4,1,3,1,6,0,0,5,1,0,1,5,3,0,0,2,2,1,4,8,0,2,5,1,2,4,0,3,0,0,2,3,4,0,0,0,0,3,3,3,0,2,0,4,6,3,2,5,0,0,4,0,1,8,1,0,5,2,0,0,4,0,4,1,6,0,3,3,3,1,0,2,0,3,1,1,2,2,9,1,0,3,1,0,1,3,0,1,2,3,0,0,2,3,11,0,8,1,2,20,1,0,2,10,0,4,5,0,2,2,1,1,2,0,6,2,1,2,0,2,1,8,2,5,2,2,0,1,1,5,0,1,5,3,1,2,2,0,2,5,0,0,16,2,0,0,2,7,3,14,1,2,0,0,0,2,0,3,4,2,3,4,0,5,3,0,1,2,2,0,0,1,3,1,0,3,15,0,0,1,6,2,10,5,6,5,2,3,1,0,0,0,1,2,0,3,7,1,1,0,3,0,1,1,7,0,2,5,2,4,4,4,1,4,10,1,1,1,0,2,0,0,0,3,4,6,7,2,0,4,0,1,4,3,2,2,0,4,0,2,2,6,6,1,2,3,0,0,11,2,1,2,12,2,0,0,1,1,4,4,5,5,4,2,0,0,2,0,1,1,2,50,4,3,0,0,1,0,1,0,10,3,1,8,0,3,13,1,0,6,0,1,4,2,1,3,1,1,4,1,0,2,2,1,6,0,7,6,4,12,1,0,0,0,2,0,0,2,5,0,0,0,0,0,0,1,2,0,1,1,2,7,1,0,1,4,8,8,2,5,1,1,0,1,0,6,1,1,0,5,2,0,0,0,5,1,5,10,0,1,0,13,18,1,18,0,1,0,4,3,0,1,0,1,0,1,1,1,2,1,0,3,1,34,2,1,3,2,1,2,0,1,2,4,0,0,2,0,0,1,0,0,1,9,3,0,1,1,1,5,5,1,1,0,1,4,0,0,0,3,1,4,2,0,0,3,7,2,0,0,1,0,6,6,0,4,3,4,4,2,5,0,5,1,3,1,0,4,3,0,0,14,15,12,3,4,0,0,4,11,0,0,4,1,18,3,2,1,1,2,1,0,3,2,2,0,2,2,2,1,2,2,3,4,1,1,0,0,1,20,0,6,1,6,0,7,4,6,0,2,6,2,0,0,1,3,3,0,1,0,2,5,1,2,3,1,2,4,3,2,6,3,14,2,4,1,3,1,5,10,1,0,1,1,1,12,1,1,0,2,1,3,0,4,4,1,1,2,2,1,2,4,1,1,1,0,0,0,0,0,0,13,1,1,8,1,2,0,9,3,4,2,1,1,0,1,4,4,0,2,2,2,45,1,1,3,4,0,1,1,0,3,8,1,0,2,1,4,0,0,9,1,2,2,1,0,1,0,2,2,2,0,0,1,0,1,3,0,3,1,0,3,0,3,0,4,1,2,0,5,2,4,4,0,5,1,0,0,3,1,1,1,0,1,1,0,0,4,3,0,2,4,0,1,0,4,0,1,0,0,2,4,2,12,12,6,0,3,1,0,0,5,1,0,4,0,0,0,0,1,0,1,0,5,7,1,4,0,1,1,6,1,2,1,1,8,2,3,2,3,0,1,0,0,4,1,1,1,0,0,0,4,4,0,0,1,1,4,1,0,1,4,6,0,0,1,4,0,20,1,0,4,1,1,1,1,3,3,3,0,3,1,1,0,0,2,0,0,6,1,1,3,3,0,1,1,0,4,24,0,4,1,1,7,5,1,0,0,4,3,1,5,0,1,0,0,1,3,2,4,1,1,1,0,0,24,5,2,95,2,0,1,3,0,0,0,1,7,0,1,3,0,1,1,2,1,0,4,0,3,1,0,0,0,2,2,5,0,4,0,0,0,1,1,3,0,1,3,2,1,0,0,0,2,9,0,1,5,3,1,1,4,0,0,1,2,0,0,1,2,0,0,0,3,1,2,0,1,1,1,6,3,2,5,1,2,1,2
"20","Thriller","Hunt-for-Red-October,-The.txt",0,0,0,2,1,0,1,0,1,2,1,1,0,4,0,0,2,0,2,1,3,8,4,1,0,2,2,0,0,1,0,1,0,3,2,4,0,0,0,7,1,0,1,0,0,1,2,2,0,10,3,0,0,1,1,0,1,1,12,0,1,0,0,0,1,0,2,1,3,14,2,1,1,2,1,4,0,1,0,0,0,1,1,1,1,0,0,0,2,5,1,0,0,0,0,0,5,2,0,1,2,0,0,0,0,1,1,0,1,6,0,0,4,0,1,1,1,6,1,5,0,0,0,2,7,2,1,4,3,1,1,0,0,0,0,1,1,17,0,1,17,1,1,2,1,2,2,1,1,4,1,2,4,2,2,3,0,3,0,0,2,2,2,0,0,1,2,0,0,29,0,1,0,2,0,1,0,1,0,0,0,1,0,6,0,1,3,5,0,12,1,2,6,5,9,0,2,0,2,2,0,0,6,3,1,1,1,0,4,1,0,3,5,1,0,0,0,1,1,1,1,1,1,1,7,0,0,0,0,4,3,0,0,3,9,2,5,0,0,4,3,2,0,0,1,2,5,0,0,1,2,0,0,1,0,0,0,0,1,1,0,0,2,5,6,0,2,1,0,0,0,0,0,0,3,3,0,0,1,0,1,7,0,0,0,3,1,0,0,2,1,0,0,0,1,0,0,0,2,2,0,0,1,1,0,1,0,0,1,0,1,1,1,2,0,0,7,3,1,0,17,0,1,0,1,0,0,6,2,0,7,0,0,1,0,1,0,0,1,3,0,2,0,1,0,1,0,5,2,0,0,1,0,1,1,1,0,0,1,0,2,0,0,1,0,6,0,1,1,1,0,5,0,1,3,0,1,2,0,0,0,3,1,0,10,1,2,1,1,2,0,0,0,0,0,0,1,0,0,0,1,0,0,0,2,2,1,0,1,1,0,1,4,0,2,1,3,0,4,0,2,0,1,0,2,2,4,5,0,0,0,2,0,0,2,1,0,0,1,2,1,0,1,1,0,1,1,2,2,12,0,5,1,5,0,1,1,0,4,1,0,0,0,0,0,1,3,0,0,2,4,13,2,3,2,1,1,0,3,1,1,3,4,16,4,22,0,2,0,0,1,0,6,0,7,2,1,2,0,2,1,0,5,2,4,1,1,5,0,1,1,1,2,14,2,6,0,0,0,1,3,0,0,0,0,2,1,0,0,0,0,0,0,0,1,5,2,3,0,4,1,1,0,1,0,0,1,1,1,4,2,8,0,4,3,0,1,0,17,2,3,2,0,1,0,1,3,1,0,0,2,1,3,1,0,5,0,5,3,0,0,1,3,0,2,0,1,6,0,1,0,5,1,1,1,0,1,1,0,0,0,2,0,8,3,0,6,1,2,1,0,1,0,1,4,4,4,1,1,1,2,1,1,1,1,1,2,1,8,5,1,0,2,6,9,0,0,0,0,1,0,0,1,1,0,6,6,0,0,1,2,1,2,0,1,0,1,4,0,0,1,0,1,0,0,0,0,1,0,0,1,0,2,0,0,0,0,0,6,14,1,3,4,0,9,1,0,0,1,0,0,0,1,2,7,5,1,2,1,2,4,0,1,0,3,1,0,0,2,0,0,0,1,4,0,1,12,2,4,1,0,1,21,2,0,1,0,7,2,0,2,1,0,0,0,3,1,0,0,3,0,1,13,0,0,1,0,0,1,2,1,0,1,0,0,0,3,0,1,0,0,0,4,0,0,3,1,4,3,1,0,0,0,0,0,2,0,4,1,0,0,1,0,0,0,2,0,1,0,0,2,0,2,0,2,0,0,1,3,2,0,0,9,6,2,2,3,2,0,3,0,2,1,0,7,3,5,1,7,2,3,2,3,2,0,0,0,0,1,0,0,1,1,0,0,0,0,5,1,4,6,0,4,1,0,2,0,1,0,0,1,0,2,0,0,0,0,0,0,1,0,1,0,0,0,0,4,0,0,5,0,0,0,10,2,3,0,1,1,0,1,0,1,1,1,0,1,0,1,0,0,1,0,0,1,0,0,0,2,0,0,1,2,0,1,1,2,1,1,0,2,0,0,6,0,4,3,2,0,0,1,0,0,0,1,5,1,0,0,0,3,0,4,0,8,1,0,3,1,2,0,4,0,1,0,1,0,2,1,0,2,2,2,1,0,0,3,0,2,2,1,0,1,0,1,1,0,1,0,5,0,2,0,2,0,4,1,4,4,1,0,2,0,1,4,1,0,1,0,0,2,1,3,0,3,3,1,0,0,1,0,1,3,0,0,1,2,2,0,1,0,0,3,0,2,0,3,0,2,0,1,0,9,1,1,0,6,0,0,4,54,0,1,0,0,0,0,2,2,8,4,6,2,1,1,1,0,0,1,4,1,1,1,0,0,0,2,1,4,0,2,0,3,0,5,1,1,2,2,0,0,1,0,0,0,1,2,34,0,2,0,1,0,2,7,1,0,0,0,0,1,1,90,0,2,0,0,1,4,2,6,8,0,0,10,3,2,1,0,0
"21","War","Inglourious-Basterds.txt",1,0,3,0,0,0,2,1,2,0,1,0,3,1,0,1,2,6,4,2,4,1,6,1,6,1,1,2,2,0,4,2,1,0,0,0,1,0,1,5,1,3,2,1,3,5,0,2,0,0,3,2,1,1,0,0,7,2,0,5,0,0,25,3,4,0,1,1,0,0,4,0,5,10,1,5,3,0,1,0,0,9,7,0,11,4,5,2,1,1,0,0,3,1,13,4,0,0,6,0,0,1,1,0,3,4,0,1,1,0,1,0,4,0,3,1,2,0,5,16,9,5,2,0,3,6,3,3,3,0,0,1,0,1,0,3,1,8,4,7,0,2,3,0,1,0,0,0,1,0,0,1,1,0,3,0,3,1,0,1,1,2,2,0,0,0,0,1,0,0,0,5,1,0,1,1,1,2,1,0,0,4,6,4,0,1,0,3,1,0,2,0,0,0,6,0,3,11,7,0,0,2,0,1,0,0,14,4,19,0,2,4,1,0,0,0,0,2,0,4,3,3,0,0,6,2,1,2,0,0,57,2,2,7,2,0,6,2,5,17,2,2,5,0,5,1,1,2,1,7,0,2,4,5,22,5,1,3,0,1,7,0,2,3,1,1,0,5,5,3,2,65,3,7,6,3,2,2,2,2,0,0,1,1,0,1,0,1,1,1,17,1,0,5,0,14,1,1,0,0,5,3,0,0,6,0,16,0,0,0,1,2,1,0,0,0,11,2,0,0,0,0,0,16,0,1,1,1,1,0,0,3,1,0,1,0,2,4,7,1,2,1,1,1,8,4,1,1,2,1,1,0,3,3,5,4,0,1,2,5,1,2,0,0,1,4,6,0,0,1,1,0,1,1,0,0,0,2,0,2,0,2,0,2,0,3,10,1,3,0,0,12,0,6,2,3,3,1,0,6,2,2,3,9,1,0,6,3,3,6,3,0,1,0,0,3,5,1,2,3,1,1,2,0,20,1,3,0,1,2,0,0,0,9,2,15,4,0,0,82,1,1,0,0,1,1,1,0,9,2,0,1,2,4,1,1,0,0,3,13,1,1,1,0,0,2,1,0,0,2,0,2,10,0,0,1,5,0,0,0,2,4,7,28,3,3,6,0,0,2,5,4,1,0,0,2,2,13,0,0,0,0,4,0,2,0,1,8,0,1,1,3,1,6,2,1,1,6,2,0,0,0,13,3,5,9,0,11,0,1,1,4,1,2,0,2,1,4,0,2,3,47,0,1,4,2,0,18,3,0,0,12,0,1,1,5,4,0,1,1,1,5,2,0,5,1,1,3,0,12,2,1,0,1,0,3,0,2,0,3,0,0,1,0,0,5,1,0,1,1,1,1,3,3,1,1,0,0,0,0,0,0,12,2,3,0,4,6,4,1,2,1,1,1,1,1,1,1,0,0,0,0,1,0,1,6,0,4,4,2,5,2,2,0,0,0,0,2,0,1,1,0,0,1,0,2,0,3,3,0,0,1,2,2,1,1,0,0,1,3,0,1,2,0,0,1,11,0,4,0,0,0,0,0,0,0,2,1,8,0,1,1,1,0,0,1,0,1,0,0,0,1,1,8,0,0,2,0,1,0,0,7,1,0,1,0,0,1,1,1,1,1,0,0,0,4,1,2,0,0,0,16,0,2,1,1,4,0,4,2,3,1,1,1,0,5,5,0,1,4,0,15,5,0,0,0,2,3,2,1,0,0,0,5,0,18,1,0,0,3,0,2,0,0,0,0,0,1,2,3,2,19,4,5,1,1,1,0,1,1,5,0,0,10,1,3,1,0,1,0,1,0,0,0,1,0,0,2,0,1,2,0,3,2,3,1,0,0,2,0,0,2,0,0,2,0,12,0,0,0,0,2,1,1,2,0,0,5,2,1,4,0,0,1,2,0,1,0,3,0,0,2,4,6,0,0,0,0,11,4,1,3,0,11,1,3,4,0,1,0,1,1,0,9,1,2,2,0,4,0,2,4,0,0,5,5,13,4,0,2,0,1,0,0,1,1,0,10,5,3,0,1,3,1,3,0,0,2,1,1,5,5,0,0,0,14,12,4,2,5,2,0,0,1,2,0,8,4,3,0,2,3,2,1,6,2,0,7,2,1,2,3,3,1,2,11,0,12,2,1,1,1,1,3,18,0,6,1,0,1,0,0,5,0,1,0,2,0,1,0,7,1,3,2,1,0,3,0,2,6,6,1,1,3,5,1,3,2,0,0,0,1,0,0,0,3,0,1,0,6,0,1,3,1,2,2,1,0,10,3,14,0,2,5,0,1,0,0,1,3,1,0,1,0,0,0,7,1,1,4,10,2,0,0,0,3,1,0,3,1,0,2,1,3,1,1,2,1,1,15,9,0,0,0,2,3,0,0,0,1,3,6,0,2,4,1,2,1,16,5,0,0,2,2,1,2,1,2,0,1,4,0,3,1,1,2,0,1,12,3,0,0,9,0,0,0,0,0,1,6,1,0,1,0,0,0,16,0,0,7,1,1,6,1,17,4,2,0,0,2
"22","War","Saving-Private-Ryan.txt",0,1,5,1,0,1,2,1,0,0,1,0,7,2,0,0,8,0,0,0,2,2,10,0,2,0,0,0,0,2,0,3,0,0,6,3,1,0,3,5,15,0,0,0,0,0,5,3,0,0,4,1,4,2,1,5,2,0,0,11,1,0,0,2,0,2,1,0,2,56,0,0,0,1,0,8,15,0,0,3,0,4,27,1,1,8,9,0,4,0,0,7,1,3,0,1,8,0,6,0,0,0,0,1,0,0,4,0,0,8,1,0,2,1,0,0,2,6,0,0,0,0,10,0,1,1,0,0,0,1,0,0,0,0,0,0,2,13,11,0,0,0,1,1,0,0,3,0,3,0,1,0,0,0,0,2,0,0,0,5,2,0,6,0,1,2,0,0,13,2,0,0,1,2,0,0,5,3,2,0,0,1,1,1,1,2,1,1,0,0,1,14,3,9,2,1,4,2,0,12,1,2,0,2,0,2,0,0,0,0,5,1,2,0,6,0,1,3,1,1,4,1,4,1,3,0,0,1,0,0,2,0,2,0,2,0,0,2,1,0,7,1,0,2,2,5,6,4,0,3,3,1,1,0,4,2,1,2,1,0,0,33,1,4,2,1,1,2,1,0,0,0,0,0,23,37,0,0,0,1,2,0,3,0,1,0,1,0,0,3,1,0,0,0,0,0,0,3,3,2,6,0,6,0,0,0,2,3,0,0,1,2,0,15,10,0,0,2,4,3,5,5,3,2,3,0,1,0,4,2,0,1,3,0,1,3,0,0,19,1,0,0,0,0,2,0,1,1,1,1,1,5,1,2,0,2,1,0,2,1,0,0,0,0,0,5,0,7,6,0,2,1,1,0,0,9,8,0,1,1,2,0,12,5,8,5,3,0,1,0,1,1,4,0,0,1,0,0,2,0,0,1,0,0,1,8,0,0,1,7,3,1,1,3,3,2,8,0,0,0,0,2,2,0,0,0,0,0,0,1,3,1,0,2,0,1,0,0,1,9,1,1,0,0,0,7,1,1,0,0,2,7,0,16,0,0,0,0,0,0,1,0,0,3,3,1,2,3,5,5,0,0,4,3,0,4,2,1,0,0,1,0,2,9,0,11,0,0,1,0,0,4,0,0,0,0,1,2,0,0,0,0,5,0,3,10,2,4,0,0,1,2,2,0,0,0,0,3,0,1,0,0,2,1,0,0,3,1,0,2,2,1,0,0,0,3,0,3,2,2,0,44,0,0,1,0,0,0,4,4,1,8,0,1,2,2,4,3,2,0,9,2,0,0,1,1,2,5,0,1,2,2,4,0,3,0,1,0,1,31,2,1,9,2,0,0,1,2,3,0,0,0,1,0,3,3,4,3,4,3,2,2,0,1,0,1,0,1,3,0,3,1,2,0,2,4,2,1,2,0,0,2,0,3,1,9,1,1,8,1,1,0,0,0,0,2,2,0,4,0,3,1,0,2,7,2,1,4,4,1,0,0,2,0,1,0,0,0,0,5,1,1,1,2,3,1,0,1,2,1,0,2,5,0,4,0,1,1,2,0,2,0,3,2,1,2,3,16,3,5,0,1,0,2,0,1,2,0,4,0,0,0,0,0,4,4,8,1,0,12,1,0,2,2,3,0,1,1,0,0,0,0,0,1,2,0,0,0,3,1,3,16,0,1,0,0,0,2,0,0,0,4,8,1,1,0,2,1,3,0,2,4,1,1,0,1,1,0,0,2,3,8,0,1,1,2,0,0,9,0,0,10,0,1,0,0,0,1,0,0,1,0,0,0,0,0,0,0,0,1,2,1,0,0,0,2,0,6,0,1,1,3,2,5,1,1,0,3,1,3,1,0,0,0,0,1,2,0,2,3,1,2,2,3,0,2,1,1,2,3,8,0,0,1,3,1,0,3,1,8,0,2,1,4,2,0,0,2,0,1,4,0,0,0,0,2,1,0,1,5,3,2,6,0,0,2,0,1,2,1,3,1,1,1,0,0,4,5,1,1,0,0,0,1,4,0,3,0,0,1,1,0,1,0,0,0,1,0,0,0,0,1,0,0,1,8,12,3,2,9,1,1,0,3,2,2,2,2,0,2,5,2,1,0,5,0,4,2,0,1,3,1,3,0,7,1,0,3,1,0,0,0,21,0,0,1,0,2,1,4,3,0,2,3,7,0,1,7,0,0,0,0,0,1,0,1,2,1,2,0,4,2,0,2,3,0,2,1,0,1,2,0,1,0,0,0,0,1,3,0,5,1,0,0,0,0,3,1,0,2,1,1,2,1,1,0,2,0,0,1,2,0,0,0,3,6,0,1,2,0,3,1,0,0,1,0,0,0,1,1,0,0,2,1,2,0,0,0,1,13,0,3,4,3,2,0,1,0,2,4,0,2,0,2,3,0,0,3,5,2,0,2,0,0,5,1,3,0,0,1,0,1,0,6,4,2,1,4,3,4,1,0,0,1,1,2,0,1,0,5,1,1,103,1,1,1,0,0,2,2,2,0,1,0,24,0,1,0,2,1
