"","Action_Batman.txt","Action_Fight-Club.txt","Adventure_Avatar.txt","Adventure_Dances-with-Wolves.txt","Comedy_Austin-Powers---The-Spy-Who-Shagged-Me.txt","Comedy_Horrible-Bosses.txt","Crime_American-History-X.txt","Crime_Fargo.txt","Family_Happy-Fee.txt","Family_Shrek.txt","Fantasy_Butterfly-Effect,-The.txt","Fantasy_Star-Wars-The-Force-Awakens.txt","Horror_Scream-2.txt","Horror_Shining,-The.txt","Romance_Midnight-in-Paris.txt","Romance_Twilig.txt","SciFi_Alien.txt","SciFi_Men-in-Black.txt","Thriller_Eagle-Eye.txt","Thriller_Hunt-for-Red-October,-The.txt","War_Inglourious-Basterds.txt","War_Saving-Private-Ryan.txt"
"abruptly",2,1,1,2,0,1,1,1,0,0,0,0,0,0,0,17,5,0,3,0,1,0
"absolutely",2,2,0,2,1,0,0,0,0,0,0,0,1,3,1,7,1,1,2,0,0,1
"action",5,3,0,2,0,43,5,3,1,0,0,0,2,0,2,2,3,1,1,0,3,5
"address",3,4,0,0,0,2,1,0,0,0,1,0,0,0,1,3,0,3,3,2,0,1
"adjusting",1,0,1,0,0,0,1,0,0,0,1,1,0,0,0,1,1,1,1,1,0,0
"advances",4,1,2,0,2,0,1,1,1,0,0,0,1,0,0,1,4,1,0,0,0,1
"afternoon",4,3,1,4,0,0,3,1,1,0,2,0,3,0,1,12,2,0,6,1,2,2
"agony",2,0,2,1,1,0,1,0,0,0,4,6,0,0,0,3,3,0,1,0,1,1
"aisle",2,2,3,0,0,0,1,0,0,0,2,0,14,0,1,0,0,0,5,1,2,0
"alarm",2,0,7,1,9,2,0,1,0,0,3,4,7,0,0,1,1,2,4,2,0,0
"alert",2,0,1,2,1,1,0,0,0,0,0,5,0,0,0,0,2,0,5,1,1,1
"amazing",1,0,1,1,3,0,0,0,0,3,3,1,0,2,3,2,0,0,0,1,0,0
"among",5,0,27,4,0,1,1,0,5,0,1,4,2,0,0,0,1,2,5,0,3,7
"angle",38,0,7,1,7,4,0,0,0,0,7,4,3,29,0,3,12,0,0,4,1,2
"angrily",1,0,1,2,0,2,1,2,1,0,2,1,0,0,0,1,1,0,0,0,0,0
"animal",1,3,9,1,3,0,0,0,1,3,0,1,1,0,0,3,1,4,0,0,1,0
"apart",1,2,0,4,0,0,0,1,1,1,2,2,2,0,0,2,1,7,1,2,2,8
"apartment",20,4,1,0,1,7,7,1,0,0,0,0,0,38,1,0,0,1,14,0,6,0
"apparently",1,0,0,1,1,2,0,0,1,0,0,1,0,0,0,1,0,1,0,2,4,0
"appreciate",1,1,0,0,2,0,0,0,0,1,1,1,0,3,1,0,0,1,0,1,2,0
"approach",1,1,10,2,2,0,1,1,1,0,0,5,0,0,0,0,7,2,2,3,4,2
"armed",4,1,6,2,1,0,0,0,0,0,0,1,0,0,0,1,1,0,4,8,1,2
"army",4,5,2,10,8,0,2,0,0,1,4,1,0,0,0,0,0,1,5,4,6,10
"arrived",1,1,0,2,0,1,0,0,0,1,0,1,0,0,0,0,0,2,1,1,1,0
"aside",1,2,3,4,0,0,1,1,3,0,0,1,2,1,0,1,2,6,1,0,6,2
"asked",2,8,0,6,0,1,0,1,0,0,2,1,0,1,2,2,0,2,0,2,1,0
"asleep",1,7,1,3,0,1,2,0,0,2,1,0,1,9,3,1,0,1,0,2,1,0
"attached",1,0,2,1,0,0,0,0,0,2,2,0,7,0,0,1,3,0,2,0,2,0
"backwards",1,2,2,0,5,0,2,0,1,0,5,0,5,10,0,1,0,1,1,0,2,0
"ball",1,4,6,1,0,0,5,2,2,0,6,2,0,7,0,10,3,9,0,1,0,2
"balls",1,3,1,0,3,3,1,0,0,0,3,0,0,0,0,0,0,1,1,0,4,0
"band",1,4,0,4,5,0,2,0,2,1,0,0,1,0,1,0,0,0,3,1,2,3
"bangs",1,0,2,2,1,0,4,1,1,1,3,0,0,0,0,0,0,2,0,0,1,0
"bank",4,6,7,12,1,0,0,3,0,0,0,3,0,1,2,1,2,0,9,3,0,0
"barely",2,0,10,1,0,3,1,1,0,0,0,2,1,0,0,5,3,1,1,2,0,6
"base",3,2,14,4,12,0,0,0,1,0,0,94,0,0,0,0,19,2,4,4,0,3
"based",1,1,0,0,0,0,0,0,0,0,0,2,1,1,0,2,2,0,2,0,1,1
"bathroom",9,11,1,0,0,15,17,7,0,0,4,0,7,31,4,4,0,0,5,0,0,0
"battered",1,1,0,1,0,1,0,0,0,0,1,1,0,0,0,1,0,1,0,0,1,3
"battle",1,0,10,6,2,0,1,0,0,1,0,10,0,0,0,1,2,6,1,7,5,5
"beach",1,0,0,0,7,2,8,0,5,0,0,0,0,0,1,8,0,1,1,1,1,15
"beam",1,1,0,1,2,0,0,0,1,0,0,2,0,0,0,0,6,3,2,0,3,0
"beast",1,0,7,0,0,0,0,0,1,7,0,2,0,0,0,1,1,1,0,1,2,0
"beauty",4,0,1,1,1,0,1,0,0,2,1,0,0,1,3,3,0,0,0,0,1,0
"bedroom",11,8,0,0,1,14,36,10,0,2,9,0,1,29,0,3,0,0,0,0,3,0
"beginning",4,4,0,3,2,1,1,0,6,1,2,2,0,0,2,0,1,2,1,1,5,0
"belly",4,0,1,3,0,2,1,2,0,0,1,1,0,1,0,0,1,1,0,2,0,5
"belt",25,5,0,1,1,4,0,4,0,0,2,0,1,0,0,0,2,16,8,2,2,3
"bends",5,0,7,2,0,2,2,4,2,0,3,0,1,3,0,1,6,3,0,0,0,0
"beneath",10,1,7,3,0,0,0,2,1,1,2,4,0,0,0,0,2,1,1,10,0,0
"beyond",2,1,9,3,0,0,1,2,8,0,0,0,2,0,1,7,2,2,0,3,3,4
"bitch",1,5,7,1,1,4,10,0,0,0,2,0,5,3,0,0,0,1,0,0,2,1
"blast",3,1,6,0,0,0,0,0,1,0,3,24,0,0,0,1,6,5,5,0,1,4
"blasting",1,2,5,0,1,0,0,0,0,0,1,2,0,0,0,1,1,0,2,1,1,2
"blind",6,1,2,0,2,0,2,0,1,4,0,1,0,0,0,1,1,0,0,1,0,1
"block",9,1,1,0,4,3,0,0,3,0,1,1,4,0,0,2,0,3,2,0,0,5
"bloody",3,1,2,0,0,0,9,0,0,0,5,1,10,0,0,1,1,1,4,1,7,2
"blowing",2,0,2,2,0,0,0,1,0,2,0,1,0,0,0,1,5,1,2,1,2,0
"board",1,2,4,0,1,0,9,0,4,1,0,6,2,1,0,1,7,0,4,12,0,0
"bodies",2,4,7,7,0,0,3,0,1,0,2,0,1,0,0,1,0,2,1,0,5,11
"bolt",3,0,2,3,0,0,1,0,0,0,1,1,1,2,0,0,0,0,0,1,0,1
"bolts",2,2,1,5,0,1,2,0,0,0,4,0,4,1,0,4,3,2,0,0,0,0
"booth",6,2,0,0,0,1,0,12,0,0,0,0,5,1,0,1,1,5,2,0,25,0
"boots",1,1,1,11,2,0,2,0,0,0,1,2,0,0,0,0,1,1,1,0,3,2
"bottle",1,5,0,0,1,2,1,0,0,0,2,0,0,6,1,0,0,0,2,1,4,0
"bounces",2,0,1,2,0,0,0,3,0,2,0,1,1,1,0,2,1,0,0,0,0,2
"brain",1,4,7,0,0,0,1,0,0,0,5,0,1,0,3,0,0,3,3,2,1,1
"breakfast",1,1,1,1,0,3,2,5,0,1,1,0,0,3,1,0,0,0,0,1,1,0
"breathe",1,1,1,0,1,0,2,0,1,3,0,0,0,0,0,0,2,0,2,3,0,2
"bridge",2,0,1,0,0,0,0,0,0,8,1,8,3,0,1,1,51,2,0,14,0,56
"brief",1,1,2,7,0,0,0,0,1,0,3,0,0,0,2,0,1,0,1,2,4,0
"brilliant",4,0,0,1,0,0,0,0,1,0,1,1,1,0,2,1,1,3,0,1,0,0
"bringing",1,1,3,1,0,0,0,0,1,2,1,2,3,1,0,0,0,1,3,1,5,0
"brings",5,5,2,12,0,1,2,6,2,0,2,0,4,0,0,0,3,1,1,2,10,1
"broke",1,1,0,0,1,3,0,0,0,0,0,0,3,0,0,1,3,0,1,1,1,0
"brother",1,0,9,0,0,0,38,1,2,0,7,1,0,0,0,0,0,0,19,4,5,8
"brothers",1,0,2,0,0,2,6,0,2,0,1,0,1,0,0,0,0,0,1,0,3,15
"brown",3,1,0,0,0,0,1,5,0,2,2,0,0,0,0,2,1,0,2,1,0,0
"brushes",2,2,1,2,0,1,0,0,0,0,1,0,1,0,0,2,1,1,1,0,1,0
"bucks",1,1,0,1,0,5,1,1,0,0,2,1,0,0,0,0,0,1,0,0,0,3
"buddy",1,0,0,0,2,1,3,7,2,0,2,1,1,0,0,0,0,0,1,0,0,0
"bullet",5,2,1,4,0,2,2,1,0,0,0,0,3,0,0,0,0,2,2,1,9,4
"bullets",5,1,1,1,1,1,1,0,0,0,0,1,0,0,0,0,0,0,4,1,7,27
"bumps",3,1,1,4,1,0,1,1,0,2,0,0,1,1,0,0,0,0,0,1,0,1
"burn",3,5,2,1,0,0,1,0,1,1,3,1,4,1,0,2,0,1,0,1,11,1
"burning",4,2,8,2,0,0,0,0,0,0,3,1,2,0,0,1,0,1,2,0,4,8
"burst",6,2,3,0,0,1,0,1,0,2,1,1,0,0,0,2,1,2,2,0,5,9
"bursts",5,4,4,2,0,3,0,2,2,0,2,2,0,0,1,4,3,1,3,0,2,0
"busy",2,0,0,4,1,1,0,2,4,1,7,0,1,2,0,0,1,4,4,2,1,4
"button",8,3,2,3,12,1,0,0,0,0,1,4,3,0,0,0,14,16,5,5,1,0
"buttons",1,0,1,3,1,1,0,1,0,3,0,2,1,0,0,0,13,1,0,1,0,0
"calls",4,4,1,10,0,2,1,6,3,0,3,6,4,0,1,1,0,6,3,0,0,7
"calm",1,3,2,1,0,3,1,0,0,2,2,3,0,0,2,5,1,2,4,0,3,1
"calmly",3,1,2,0,0,2,1,2,0,1,1,0,0,0,0,1,0,4,0,0,1,3
"card",6,12,3,0,3,0,1,1,0,4,3,0,1,0,1,0,0,11,8,0,13,0
"cards",6,2,0,1,1,0,0,1,0,2,2,0,0,0,0,3,0,2,1,0,4,1
"carefully",1,0,0,6,1,0,0,3,1,0,1,5,1,1,0,4,10,5,0,5,0,8
"carries",1,2,4,2,0,1,1,3,1,2,4,4,1,1,0,2,0,3,0,2,0,0
"carry",1,3,4,2,0,2,1,0,1,0,4,0,2,1,1,3,4,0,1,0,6,6
"cars",19,11,0,0,0,4,6,11,0,0,0,0,2,3,1,1,0,5,23,1,0,0
"catching",2,4,4,0,1,1,0,0,3,3,0,1,2,0,0,2,0,0,2,2,0,0
"causing",1,3,0,0,2,1,1,0,2,0,0,0,1,1,0,1,0,0,0,0,1,0
"certainly",1,0,0,0,0,0,0,3,2,2,0,1,0,2,1,0,0,1,1,0,1,0
"chairs",2,3,0,0,7,1,0,0,0,0,2,0,2,2,0,0,2,3,0,0,0,1
"changes",1,0,1,1,0,2,1,0,0,1,0,2,0,1,0,3,7,3,5,0,3,0
"changing",1,0,2,1,2,0,0,0,1,0,0,0,0,0,0,2,2,1,3,1,4,0
"charges",3,3,4,5,5,0,2,1,0,0,6,5,1,0,0,3,0,0,0,1,0,4
"charming",2,1,0,0,1,0,0,0,1,1,1,0,1,0,3,1,0,0,0,0,1,0
"chase",3,0,1,1,1,1,0,0,3,0,0,1,0,0,0,2,1,3,0,1,1,0
"checks",6,6,2,1,0,3,3,1,0,0,3,7,6,0,2,0,0,4,5,6,0,8
"cheek",1,3,2,2,1,1,2,0,0,0,3,0,0,0,0,2,2,2,0,0,1,1
"cheer",1,1,2,3,0,0,1,0,0,0,1,0,3,0,0,0,1,1,1,0,0,0
"chief",1,0,9,6,2,0,2,5,0,0,0,0,0,0,0,5,0,0,0,4,4,2
"child",1,1,2,9,0,2,0,0,0,0,5,3,1,2,0,1,0,0,3,0,0,1
"children",1,3,10,23,0,1,1,3,0,0,6,0,1,0,1,0,0,2,3,1,3,0
"chin",1,3,1,0,0,0,1,3,1,0,1,1,0,4,0,0,0,1,0,1,1,0
"choice",2,0,1,4,2,1,0,0,1,1,3,1,0,0,4,4,0,2,4,1,2,2
"christ",3,3,1,0,1,1,7,2,0,0,8,0,3,0,3,0,7,1,3,6,0,6
"chuckles",2,1,1,1,0,0,0,0,0,7,1,0,0,0,0,1,2,0,0,1,5,0
"cigarette",2,16,4,0,2,0,9,2,0,0,11,0,0,6,0,0,1,7,0,5,16,0
"circle",5,6,17,7,0,0,1,1,2,0,0,3,1,0,0,4,0,2,0,0,9,0
"city",42,13,3,0,2,0,0,2,0,0,3,2,0,0,9,2,1,16,9,0,5,0
"clearly",1,1,0,1,1,6,1,0,0,0,2,5,6,0,2,10,3,1,1,0,2,10
"clears",2,1,0,2,0,0,0,2,0,3,1,0,1,2,0,0,2,4,0,2,0,0
"climb",7,4,5,0,0,1,0,0,1,3,1,5,0,1,0,6,1,2,2,7,3,1
"climbing",2,1,2,1,0,0,0,0,1,0,0,4,0,0,0,2,5,4,1,2,6,1
"closed",3,9,2,6,0,0,1,0,1,0,3,2,3,3,0,2,5,2,1,1,3,0
"closing",1,3,2,1,0,0,0,0,1,0,0,1,0,2,0,2,3,5,1,4,3,0
"clothes",1,11,1,1,2,1,0,1,0,0,12,0,1,0,1,7,2,7,3,3,3,0
"cloud",4,2,5,3,0,0,0,0,2,0,0,1,0,0,0,2,5,0,0,1,0,1
"clouds",3,0,9,1,0,0,0,0,2,0,1,1,0,0,0,4,10,1,0,1,0,0
"club",3,41,0,7,1,0,0,3,1,0,1,0,0,0,3,0,0,0,1,0,1,0
"clutching",1,0,3,1,1,1,0,2,0,0,2,0,3,0,0,1,4,1,2,0,0,0
"coat",4,2,0,1,0,2,2,1,0,0,4,0,3,0,0,4,0,2,1,0,1,0
"collapses",4,2,3,1,1,2,0,0,0,0,4,0,2,0,0,0,2,2,1,0,0,0
"color",2,0,2,1,0,0,4,0,0,0,2,1,0,0,1,1,3,3,0,1,3,0
"comfortable",1,1,0,1,0,1,0,0,0,1,0,1,0,1,1,2,0,0,0,1,1,2
"command",2,1,3,2,2,0,0,0,0,1,0,3,0,0,0,0,1,0,3,17,8,13
"company",1,7,0,2,2,9,0,2,0,0,0,3,0,0,2,1,0,1,2,0,4,11
"complete",1,3,0,2,2,3,1,2,0,0,1,4,4,3,1,0,1,0,0,1,7,0
"computer",12,8,0,0,1,4,11,2,0,0,0,2,6,0,0,4,32,4,16,17,0,0
"concerned",1,1,0,1,0,0,2,0,0,0,4,5,1,3,0,3,0,0,0,1,2,0
"consider",2,2,1,1,0,4,1,0,0,0,0,1,0,0,0,0,0,0,0,1,3,1
"construction",3,1,1,0,0,0,0,0,0,0,1,0,0,1,0,0,1,2,2,2,0,1
"copy",5,10,3,0,0,1,4,7,2,0,0,2,0,0,0,0,0,2,6,1,1,0
"corridor",1,0,12,0,0,0,1,0,0,0,14,43,3,62,0,0,29,17,6,2,0,0
"count",2,1,0,0,0,1,2,1,0,0,2,0,1,0,3,0,1,1,1,2,0,3
"counter",3,7,0,0,0,0,2,2,0,0,0,0,4,9,0,2,0,15,3,1,0,0
"covers",5,1,4,4,2,0,2,1,2,1,5,2,0,0,0,1,0,0,1,1,1,3
"cracks",3,2,4,1,0,0,5,1,3,0,0,0,1,0,0,2,0,3,1,4,0,0
"crap",5,3,5,0,2,2,3,0,0,2,0,0,0,0,0,0,2,1,1,1,0,1
"crash",4,2,6,1,0,0,2,0,0,0,2,3,1,0,0,0,0,0,4,2,1,0
"crashes",3,2,12,2,0,0,1,1,0,1,1,2,2,0,0,0,2,3,2,4,1,0
"crawling",1,0,0,1,0,0,1,1,0,1,0,5,3,0,0,0,2,2,0,2,0,0
"cross",1,2,6,3,3,2,0,0,1,2,1,2,0,0,1,1,0,3,2,2,3,0
"crowded",1,3,2,2,0,0,0,0,1,0,0,1,4,2,0,1,0,1,0,3,0,2
"crying",1,2,3,10,0,0,5,0,1,1,3,2,0,1,0,2,0,0,4,0,3,0
"curious",5,2,1,5,0,0,0,0,3,1,1,3,0,0,0,0,0,3,1,3,1,0
"current",3,1,1,1,2,2,0,0,1,0,0,0,0,0,0,1,2,0,2,0,0,0
"cuts",4,1,6,5,1,1,1,0,0,0,2,3,2,0,2,1,0,0,2,0,1,5
"cutting",2,1,2,3,0,0,0,1,1,0,0,1,0,0,2,1,4,1,3,2,1,2
"danger",3,2,0,0,2,3,2,0,1,0,0,1,1,0,0,3,1,1,1,2,2,0
"darkness",6,2,7,1,0,0,1,0,5,0,1,16,8,0,0,6,15,5,1,2,2,6
"darts",4,1,0,0,0,0,1,0,0,0,3,1,1,2,0,2,1,1,0,0,0,0
"dazed",1,3,2,2,1,1,0,0,1,0,1,1,0,0,0,0,0,2,5,0,0,1
"deadly",4,0,4,0,1,1,0,0,0,0,0,0,2,0,0,2,2,0,2,1,0,2
"deafening",1,2,0,1,0,0,0,0,1,0,3,0,1,0,0,0,1,1,3,2,0,0
"dear",2,0,0,0,0,2,0,1,1,1,0,3,2,4,0,0,0,3,1,0,1,0
"debris",1,2,6,0,1,0,0,0,0,0,1,16,0,0,0,0,2,2,2,0,0,13
"deck",11,0,2,0,2,0,1,0,1,0,0,1,1,0,0,4,0,0,0,29,0,2
"deeply",1,0,3,3,0,0,0,1,1,0,1,2,0,0,0,1,1,0,2,0,0,0
"descends",1,0,3,0,1,0,0,0,0,0,0,2,1,0,0,1,1,0,1,1,5,0
"desperate",1,1,0,2,0,0,0,0,3,0,4,5,0,0,0,0,0,1,2,0,1,1
"desperately",1,2,2,3,1,0,1,1,0,0,2,4,0,0,0,3,0,0,3,2,0,2
"despite",2,0,1,0,0,2,0,1,0,0,0,6,1,0,1,0,1,1,2,0,1,0
"dials",1,3,0,0,0,3,0,1,0,0,1,1,1,3,0,0,0,1,0,1,1,0
"died",1,5,0,0,1,4,1,0,0,0,1,0,0,0,1,2,4,0,9,0,1,5
"dies",1,1,1,0,0,1,1,0,0,0,0,1,0,0,0,1,0,1,0,1,2,3
"difference",2,0,0,1,0,1,1,0,0,0,2,0,1,0,3,0,0,1,1,0,1,2
"digs",2,3,0,4,0,0,0,2,0,1,2,1,0,0,0,1,0,3,1,0,0,0
"dining",1,2,1,0,0,0,2,2,0,1,0,0,4,0,1,2,0,1,0,0,0,0
"dinner",3,4,2,3,0,1,0,3,0,6,1,0,0,1,11,3,1,0,0,1,4,1
"direction",4,2,2,17,0,1,4,1,1,0,2,5,0,0,0,4,9,2,0,0,6,1
"directly",13,2,5,5,0,4,3,0,0,0,2,1,6,0,1,5,4,2,0,6,4,1
"dirty",1,1,0,1,1,2,2,1,0,0,4,0,0,0,0,0,1,2,1,0,0,1
"disappear",2,0,0,2,1,0,4,2,2,0,0,4,2,0,0,4,1,2,0,1,1,2
"disappearing",1,0,0,1,0,0,0,1,0,0,1,2,3,0,0,3,0,1,0,3,0,1
"disappears",2,1,4,4,3,0,2,0,3,0,1,5,3,0,0,3,0,2,1,5,3,1
"disbelief",5,2,0,2,0,0,5,0,1,0,1,1,1,0,0,2,0,0,0,0,1,0
"display",10,0,9,1,0,0,1,1,0,0,0,1,1,0,0,0,0,4,5,12,0,0
"dissolve",6,1,10,2,0,3,8,0,0,0,11,0,0,33,4,2,3,3,1,1,2,1
"distant",4,0,2,3,0,0,3,5,3,0,5,12,1,0,1,0,4,0,3,2,0,14
"dive",3,0,7,0,0,4,0,0,5,0,1,4,0,0,0,1,1,1,0,6,0,3
"dives",3,0,18,1,3,0,0,0,1,0,0,3,1,0,0,0,1,0,0,5,0,9
"doctor",14,4,3,0,5,0,5,0,0,0,5,0,0,63,4,4,0,5,0,9,6,2
"dollars",4,1,1,0,6,4,0,12,0,0,0,0,0,0,3,0,0,3,4,0,0,1
"doorway",11,6,1,8,0,2,0,2,0,0,1,1,1,12,0,3,5,4,0,2,3,4
"double",1,0,1,1,6,0,1,0,0,0,3,0,0,0,0,3,1,3,1,0,11,2
"doubt",1,0,1,0,0,0,0,0,0,0,1,1,0,1,1,2,1,0,0,2,7,0
"dozen",4,1,2,9,1,0,1,0,2,0,1,1,0,2,1,2,0,8,1,2,0,12
"dozens",3,2,2,1,0,1,0,0,1,0,0,3,0,0,0,1,0,2,0,0,0,1
"drag",3,0,2,1,0,4,3,1,0,0,3,1,0,0,0,0,0,1,2,0,2,2
"drags",3,2,2,1,0,0,1,1,0,1,0,1,3,1,0,0,0,3,1,6,0,0
"draw",2,0,1,7,0,0,2,1,0,0,2,1,0,0,1,1,5,1,2,3,1,2
"draws",8,0,15,3,1,0,2,1,0,0,0,1,0,2,0,0,6,5,1,1,0,0
"dream",3,1,4,0,0,0,0,0,1,0,2,0,0,3,8,5,0,0,0,1,0,2
"dressed",7,2,1,4,1,1,1,0,0,0,11,0,2,1,3,3,0,3,0,1,14,0
"drinks",3,1,1,0,2,2,0,0,0,1,1,1,0,7,3,0,0,1,1,0,4,0
"driver",7,2,3,7,2,1,1,3,0,0,0,1,1,0,0,3,0,19,5,4,19,0
"drivers",3,6,4,1,0,0,1,4,0,0,1,0,3,0,0,1,0,6,3,1,0,0
"drives",1,0,4,1,3,6,3,8,0,0,5,1,0,5,0,6,1,1,3,0,2,5
"driving",2,0,2,0,1,4,1,7,1,0,2,0,0,2,1,3,0,4,5,3,4,1
"dropping",2,1,5,2,0,1,2,0,0,0,0,1,1,1,0,2,4,1,1,5,1,2
"drum",1,1,2,2,1,0,0,0,1,0,0,0,1,0,0,0,1,0,1,1,0,0
"ducks",6,1,6,6,1,1,0,0,1,1,1,0,1,0,0,0,1,1,2,0,0,6
"dumps",2,1,0,1,0,1,0,1,0,1,1,0,0,0,0,1,0,2,2,0,0,0
"dusk",4,3,6,16,0,0,0,1,0,0,3,1,0,2,0,0,0,4,13,0,0,1
"dust",4,2,3,8,1,1,1,0,0,3,3,2,0,0,0,0,43,2,1,1,2,3
"dying",1,8,4,0,0,2,0,0,0,0,0,0,1,0,5,5,0,0,3,1,0,1
"earlier",4,2,0,0,0,2,13,0,0,0,1,0,3,0,2,2,0,2,0,1,4,1
"ears",4,0,4,7,0,0,0,2,0,1,5,0,2,0,1,2,0,1,2,1,3,4
"earth",2,0,10,8,3,0,0,1,5,0,1,2,1,0,0,0,2,19,0,1,3,1
"east",6,1,0,6,1,0,1,0,0,0,0,0,0,0,0,2,0,2,1,1,0,4
"echoes",2,0,6,2,0,0,0,0,1,1,1,2,0,0,0,1,0,0,0,1,0,1
"eight",3,1,1,1,0,3,2,1,1,0,5,0,0,2,0,0,2,6,4,7,6,3
"emerge",2,1,4,0,3,1,0,0,1,0,0,0,1,0,0,5,0,0,1,0,2,0
"emerges",4,1,4,2,1,2,0,4,1,0,1,1,5,0,0,0,4,1,2,0,1,0
"ends",2,2,3,0,1,0,1,2,0,1,1,1,0,1,1,3,3,0,2,0,2,1
"engaged",1,0,1,2,1,5,0,0,1,0,0,0,0,0,6,1,1,0,1,0,0,0
"engine",1,0,1,0,0,4,1,2,1,0,1,5,1,0,0,4,14,4,2,4,0,0
"english",1,0,5,8,3,0,2,0,0,0,0,0,0,0,6,0,0,1,1,3,57,2
"enjoying",1,1,0,2,0,1,0,0,1,0,0,1,1,0,0,2,0,1,0,0,2,0
"enormous",9,2,19,0,3,2,0,0,2,0,0,4,1,2,0,5,1,9,2,0,2,2
"entrance",4,6,1,8,1,1,2,0,0,2,0,1,0,15,0,2,8,2,8,3,7,0
"equipment",3,1,5,1,4,1,0,0,0,0,0,0,3,0,0,0,3,4,4,9,2,2
"erupts",3,1,1,0,0,0,1,0,1,0,0,2,0,0,0,1,0,2,2,2,0,0
"escape",6,0,2,1,3,0,0,0,1,0,0,5,3,0,2,1,3,0,2,5,6,0
"especially",2,0,0,0,1,0,1,0,1,1,2,1,0,1,1,1,0,1,1,0,2,2
"evening",17,2,0,1,1,5,1,2,0,1,6,0,4,9,2,1,0,0,0,0,5,1
"everybody",2,0,5,1,1,0,4,1,5,4,0,1,3,1,0,0,4,6,5,4,17,0
"everywhere",9,3,0,7,2,1,1,1,2,0,0,2,7,0,0,0,1,6,6,3,2,7
"exhausted",1,1,1,2,0,1,0,0,2,0,1,6,0,0,1,0,2,0,3,2,2,1
"exits",1,3,0,0,2,2,7,1,0,1,7,9,2,11,3,14,2,0,4,0,5,0
"expecting",2,0,0,0,0,1,0,1,0,1,1,0,0,0,0,1,1,1,1,0,0,2
"explain",1,2,1,1,1,1,0,0,0,0,1,1,0,2,3,3,0,3,3,1,5,2
"explode",1,1,3,1,2,0,0,0,1,0,0,1,0,0,0,0,2,0,1,2,1,5
"explodes",6,2,6,2,5,1,3,2,1,1,0,0,1,0,0,0,0,6,6,5,1,6
"expression",3,2,9,2,0,0,1,0,0,0,2,0,0,0,0,6,2,1,0,0,2,4
"extends",2,1,1,1,1,0,0,1,0,0,0,4,1,0,0,1,0,2,0,0,1,0
"fact",3,1,2,1,1,0,2,0,1,1,0,0,0,3,4,0,2,5,5,1,7,3
"faint",1,2,1,3,0,0,0,1,1,0,1,0,0,0,0,2,1,0,1,2,0,3
"fair",1,0,2,1,1,2,0,0,0,2,0,0,1,0,2,1,1,20,0,0,2,1
"falling",4,1,14,2,0,2,1,1,0,0,1,0,3,0,0,3,0,0,1,0,4,1
"familiar",8,0,1,2,1,0,1,0,1,0,7,3,4,0,1,0,0,3,5,1,5,0
"family",2,5,0,3,1,2,13,1,0,0,12,4,3,5,0,12,0,2,3,0,22,4
"famous",1,1,0,0,1,1,1,0,0,1,1,0,0,1,1,0,0,0,0,0,5,2
"fathers",1,2,3,0,2,1,3,0,6,0,2,1,0,0,1,4,0,0,0,0,1,1
"feeling",4,3,6,4,1,0,1,1,0,0,2,5,1,0,4,1,0,1,2,0,3,2
"feels",2,4,10,3,0,0,2,0,0,0,2,2,1,4,1,3,1,1,2,1,0,1
"felt",1,7,0,4,1,1,2,0,0,0,0,3,0,0,2,0,0,1,1,1,1,0
"female",1,1,2,0,2,1,0,0,13,0,0,2,1,0,1,1,0,0,4,0,7,0
"field",3,1,2,20,0,0,1,0,1,4,1,3,1,0,0,6,0,2,8,0,0,33
"fifteen",2,3,0,0,0,1,0,0,0,0,1,1,1,1,0,0,1,3,0,2,2,1
"fifty",1,1,1,5,1,1,1,6,0,0,1,3,1,0,0,0,0,0,2,5,3,4
"fighting",1,4,4,3,1,1,1,0,4,1,0,4,0,0,0,0,0,3,5,6,1,2
"fights",1,2,0,0,0,0,1,1,1,1,1,1,2,0,0,1,0,0,1,0,1,1
"figures",3,2,6,1,0,1,1,0,6,0,0,0,0,0,1,1,0,3,2,2,0,1
"file",6,12,1,1,2,0,2,0,0,0,1,0,0,0,0,0,0,3,4,1,5,2
"fill",1,1,4,2,3,1,0,0,0,0,3,2,3,0,0,1,2,0,0,0,5,1
"filling",3,4,1,2,1,2,0,0,0,0,1,2,0,3,0,1,1,1,3,0,3,0
"fills",5,1,4,1,0,0,1,0,2,0,0,2,1,2,0,0,5,1,0,0,2,0
"film",7,3,0,0,3,0,0,2,0,0,1,0,11,2,2,2,4,0,0,0,65,0
"finding",3,3,1,1,0,0,0,1,2,0,1,0,3,1,0,1,1,1,2,0,3,0
"finishes",1,1,1,2,0,0,3,1,0,0,5,2,5,1,0,1,1,0,3,0,7,0
"fires",7,3,9,14,8,1,3,8,0,0,0,22,3,0,0,0,5,2,4,3,6,23
"firing",4,1,11,3,1,2,0,0,0,0,0,14,0,0,0,0,2,1,0,3,3,37
"fish",1,0,4,0,2,1,0,0,48,1,1,0,0,2,0,2,1,0,0,0,2,0
"fist",3,2,7,167,1,0,0,2,0,1,2,0,2,0,0,0,2,1,0,0,2,0
"flame",9,0,1,1,0,0,0,0,0,1,1,2,0,0,0,0,4,3,0,1,2,0
"flames",6,1,5,1,0,0,0,0,0,0,4,1,0,0,0,0,1,1,3,0,2,1
"flashes",4,3,6,4,2,1,0,0,1,0,6,2,0,0,0,0,5,4,3,1,0,2
"flashing",4,0,5,0,0,2,0,0,0,0,0,0,2,1,0,1,2,4,3,7,0,0
"flesh",3,1,0,1,1,0,0,1,0,0,1,0,0,0,0,2,1,1,0,0,1,3
"flicks",2,1,0,1,0,0,0,0,0,1,0,2,0,2,0,0,2,6,2,0,1,0
"flies",3,4,12,6,0,0,0,0,0,6,0,12,7,0,0,2,0,7,0,0,0,1
"flight",1,11,15,2,3,0,0,1,0,1,0,4,0,2,1,1,0,2,4,3,1,0
"flying",8,2,18,7,6,0,0,0,0,4,0,7,8,0,0,2,3,12,6,1,0,1
"focus",1,2,4,0,1,0,1,0,0,0,1,1,1,0,0,4,2,2,3,0,1,0
"forced",1,1,1,1,0,0,0,0,0,1,1,2,1,0,1,1,2,1,2,0,1,0
"forces",5,1,0,0,1,1,2,2,0,0,4,1,0,2,0,3,0,1,5,2,1,3
"forehead",3,0,3,5,0,0,2,0,0,0,2,0,1,1,0,2,0,1,0,1,17,1
"forgot",1,1,2,0,1,1,1,0,1,0,1,0,2,0,1,0,1,0,0,0,1,0
"form",5,4,4,4,1,0,0,6,4,4,0,1,2,0,1,0,9,4,4,0,0,0
"forth",2,1,0,4,1,0,0,0,2,2,2,2,6,0,1,0,2,1,0,0,5,0
"forty",2,0,2,4,1,3,3,7,0,0,1,2,1,0,1,0,0,1,1,1,0,0
"frame",12,7,10,1,10,3,1,10,0,0,1,9,4,0,0,7,1,6,8,0,14,0
"framed",3,1,0,0,1,4,0,1,2,0,0,0,2,0,0,1,0,2,1,0,1,0
"frantically",4,0,2,0,0,0,0,2,2,0,6,1,1,0,0,1,5,0,0,0,1,3
"freeze",6,2,2,1,5,0,1,0,2,0,1,0,1,0,0,2,1,2,5,2,0,3
"freezes",5,2,3,1,0,2,2,1,1,0,2,1,0,0,0,3,2,3,2,2,0,2
"fresh",4,0,2,6,0,2,0,1,0,0,3,1,0,0,1,1,0,1,0,0,5,6
"friendly",1,3,1,3,0,2,1,1,4,0,1,1,3,0,0,0,0,1,0,0,3,0
"frozen",3,3,1,0,10,0,0,5,4,1,3,3,1,1,0,2,0,3,4,1,0,6
"frustrated",1,1,4,5,0,0,2,0,2,0,1,2,3,0,0,7,0,0,0,1,0,0
"funny",1,0,1,1,1,3,0,0,4,2,0,0,1,1,2,0,2,2,4,0,6,0
"future",1,0,0,0,2,1,0,0,2,3,0,0,0,1,3,2,1,1,1,1,0,0
"game",1,2,3,4,2,1,4,2,0,0,1,1,2,0,0,9,0,2,6,0,16,2
"garage",3,2,0,0,0,2,0,5,0,0,2,0,2,14,0,3,0,6,0,0,0,3
"garbage",3,2,0,2,0,1,1,0,0,0,1,2,0,0,0,0,1,2,3,1,0,0
"gasps",6,1,3,0,1,0,1,1,1,4,1,1,1,1,0,2,2,1,3,0,0,0
"gate",7,1,9,1,1,0,3,3,0,1,0,0,1,0,0,0,2,1,3,1,1,1
"gather",1,1,2,1,0,0,0,0,2,1,2,0,0,0,0,2,1,0,1,1,2,2
"gaze",6,1,6,1,1,0,2,0,2,0,0,2,0,0,0,2,0,2,0,1,1,0
"gear",2,0,8,2,1,0,0,0,0,0,2,2,1,0,0,1,4,4,2,2,0,15
"gently",3,1,11,6,1,1,1,1,2,0,3,0,0,0,0,3,0,2,0,0,0,10
"gestures",10,0,3,2,0,3,0,0,1,0,1,3,0,2,0,2,0,5,3,0,0,0
"giant",4,5,3,0,11,0,3,0,1,4,0,11,0,0,0,0,0,5,1,7,11,0
"given",2,0,2,1,0,0,0,0,0,0,0,1,3,0,0,4,0,2,1,3,2,2
"giving",2,0,3,1,1,1,1,0,3,0,1,2,2,0,0,1,0,0,2,1,0,4
"glance",4,1,1,9,0,0,1,0,1,0,3,0,1,0,0,0,1,1,2,0,0,3
"glances",4,5,4,24,0,4,3,7,0,1,1,3,0,0,0,14,3,3,9,17,0,5
"glare",1,0,4,0,0,1,2,0,1,0,1,0,0,0,0,5,0,1,1,0,0,5
"glares",1,0,4,0,1,3,0,1,0,0,1,2,0,0,0,3,1,1,0,1,0,3
"glasses",5,0,1,0,5,1,1,0,0,0,0,0,0,1,2,0,0,6,3,0,16,2
"glow",3,1,4,2,1,0,0,0,0,0,0,0,1,0,0,0,0,1,1,1,0,3
"goodbye",1,3,0,5,1,3,2,0,4,0,2,0,1,5,3,1,0,1,0,0,1,0
"gotten",2,1,1,2,0,0,0,0,1,1,2,1,2,0,2,0,0,0,1,0,1,1
"grabbing",4,0,5,2,0,0,4,1,0,0,1,1,6,0,0,0,3,2,3,6,1,0
"grass",1,1,3,20,0,0,0,0,0,1,0,2,2,0,0,3,0,3,0,2,1,4
"grim",3,1,2,1,0,1,0,0,0,0,0,1,0,0,0,1,2,0,1,0,0,2
"grins",6,1,6,1,0,2,0,0,0,1,3,0,0,0,0,9,0,1,2,7,0,0
"grip",4,3,5,3,0,0,1,0,0,0,1,0,0,0,1,0,1,1,3,0,3,1
"grips",1,2,6,1,0,0,0,0,0,0,1,1,1,1,0,2,0,0,0,0,1,3
"groans",3,0,1,1,0,3,0,0,0,2,4,3,0,10,0,0,4,0,0,1,0,0
"group",2,13,3,8,0,0,16,0,5,5,0,6,0,0,7,3,1,3,2,0,1,1
"growing",2,4,8,7,1,0,0,1,2,0,3,5,2,0,0,3,2,2,3,1,0,3
"guards",3,1,0,1,4,0,0,0,0,14,4,5,10,0,0,0,0,0,11,0,2,0
"guests",1,1,0,0,1,1,1,1,0,2,0,0,0,3,1,0,0,0,0,0,4,0
"guns",14,0,8,6,2,1,1,4,0,0,0,2,0,0,0,0,0,5,8,1,7,19
"halfway",1,0,0,1,0,0,1,3,0,1,0,0,0,0,1,0,4,1,1,3,1,1
"hall",10,6,3,1,0,0,12,0,0,0,2,15,4,0,0,4,3,3,2,0,2,0
"hallway",5,7,0,2,5,1,6,0,0,1,4,1,11,0,0,2,1,7,20,2,1,0
"halt",2,1,0,4,0,1,1,5,0,0,2,0,2,0,0,2,2,5,1,0,1,0
"handful",6,0,1,3,1,0,0,1,1,0,1,1,1,1,0,0,0,0,0,1,1,0
"handsome",1,1,1,1,1,0,1,0,0,0,3,0,4,0,0,2,0,1,2,0,8,2
"happening",2,0,2,3,0,1,2,0,1,0,1,0,0,0,3,0,2,1,10,1,4,0
"hardly",1,1,0,0,1,0,0,0,0,0,2,0,0,2,4,0,2,1,0,0,1,1
"hasnt",2,1,1,1,2,0,0,0,0,0,1,2,1,1,0,2,1,1,4,5,1,1
"hearing",1,1,0,0,0,1,4,0,1,0,1,2,1,0,1,0,1,0,5,2,2,1
"helping",1,0,1,2,0,0,0,0,0,0,1,2,1,0,0,0,1,1,0,0,1,1
"heres",6,2,0,0,4,7,1,5,3,1,2,0,0,4,3,0,2,5,2,0,1,1
"hesitates",1,2,4,3,0,0,0,1,2,0,0,3,1,0,0,1,5,1,2,1,0,5
"hill",1,1,0,23,0,0,0,2,0,4,2,0,0,0,2,2,0,2,1,0,3,1
"history",1,1,1,0,1,1,5,0,0,0,0,1,1,0,2,1,2,3,1,1,3,2
"hitting",1,2,2,0,0,0,0,1,0,0,1,8,0,0,0,0,1,0,2,1,5,0
"hole",7,3,6,4,2,1,1,2,2,0,2,3,0,0,0,0,26,15,0,1,4,2
"holy",4,0,2,2,0,4,4,0,1,0,1,0,0,0,0,0,1,0,6,0,0,1
"honey",3,0,1,0,0,4,8,0,4,0,4,0,4,3,1,2,0,0,2,0,1,0
"honor",1,0,1,3,1,0,1,0,0,2,0,0,0,0,0,0,0,0,1,1,2,2
"hood",29,0,3,0,0,0,0,5,0,13,8,1,0,0,0,1,0,2,2,0,5,1
"hook",3,2,0,0,0,0,1,1,0,0,0,0,2,0,0,2,1,2,0,2,1,0
"hoping",1,0,1,4,0,1,0,0,1,1,0,0,3,0,1,1,0,0,2,0,2,0
"horrible",1,3,0,0,0,4,0,0,0,1,1,7,0,1,0,1,10,2,1,0,0,0
"horror",8,0,5,3,0,0,1,0,0,1,7,3,7,1,1,1,2,1,8,1,0,0
"hotel",1,19,0,0,6,0,0,7,1,0,3,0,1,173,15,9,0,0,2,0,1,0
"hours",1,3,3,0,3,1,0,1,0,0,1,0,0,5,0,2,6,2,5,6,4,5
"human",6,5,26,4,1,0,1,0,2,1,2,2,0,0,3,4,3,10,2,0,6,0
"hundreds",1,2,14,0,1,1,0,0,0,0,3,3,0,0,0,0,1,3,2,1,0,7
"ignores",2,2,2,0,0,0,1,0,1,2,3,0,1,0,0,2,0,0,0,1,0,6
"imagine",1,4,2,0,2,1,0,0,0,0,2,1,0,0,7,0,0,3,1,1,1,0
"impressed",1,1,1,0,1,3,1,0,0,0,1,2,0,0,0,0,0,0,1,0,1,2
"inches",4,0,4,1,0,0,0,0,1,0,1,0,3,1,0,1,3,5,5,5,0,1
"incredible",1,0,2,2,1,0,1,0,0,1,1,3,0,1,0,1,1,0,0,0,1,1
"indicating",1,1,2,4,4,1,0,0,0,0,0,0,0,0,0,0,1,1,1,1,1,0
"insane",3,2,1,1,0,0,0,0,0,0,1,1,0,0,1,1,0,0,5,3,0,0
"instant",3,0,1,4,1,0,0,0,0,0,1,2,2,0,1,1,1,1,3,0,0,9
"instantly",5,0,1,1,0,1,1,0,0,0,3,10,2,0,0,1,11,1,1,1,0,8
"interesting",1,3,0,0,4,1,0,1,1,1,0,0,0,0,3,1,0,2,2,2,2,0
"interior",1,0,1,0,0,0,0,1,1,1,1,1,0,0,0,0,167,0,2,0,0,1
"island",5,0,2,0,8,0,1,0,0,0,0,5,0,1,1,0,1,3,0,0,2,1
"itll",2,1,3,0,1,1,2,3,0,3,6,0,5,1,4,3,6,0,2,0,0,2
"jacket",2,0,0,1,0,4,3,1,0,0,9,9,3,8,0,1,0,1,5,3,2,0
"james",1,0,1,0,2,1,0,0,0,1,0,0,0,0,1,75,0,8,0,1,0,12
"jerks",4,5,1,0,0,0,0,1,0,2,2,0,1,0,0,3,0,1,0,0,2,5
"jesus",4,1,4,0,0,3,19,4,0,0,10,0,8,1,1,0,3,1,16,10,0,8
"john",1,0,0,10,0,0,1,0,1,0,0,0,0,0,33,0,0,3,2,1,3,5
"join",2,1,0,4,0,0,1,0,2,0,2,0,0,2,1,2,0,0,0,2,10,3
"joke",1,0,1,2,0,1,1,2,0,1,2,0,0,0,0,1,0,3,0,1,1,0
"keeping",4,1,1,3,3,1,0,0,0,0,3,1,3,1,0,1,2,0,2,1,3,1
"keys",3,1,1,1,0,3,3,4,0,0,1,0,1,1,0,4,0,3,7,2,0,0
"kick",4,0,0,5,1,2,4,1,1,1,2,0,0,0,1,1,1,1,3,0,0,1
"kids",2,3,7,4,0,0,9,1,1,0,14,0,4,2,0,10,0,0,14,0,12,1
"kills",2,0,1,0,1,1,0,0,0,1,1,0,1,0,1,1,0,0,1,0,0,4
"kinda",3,0,4,0,0,1,0,8,1,0,3,1,2,1,0,1,0,1,2,0,6,0
"king",1,0,1,2,2,0,3,1,2,8,0,1,0,0,0,0,0,0,0,0,2,0
"kiss",5,6,4,0,5,1,4,0,1,15,9,0,3,2,3,4,0,2,0,0,3,1
"kisses",1,2,2,0,1,0,6,1,0,1,4,1,5,4,1,3,0,0,0,1,3,0
"kitchen",6,27,2,0,0,2,6,11,0,1,8,0,7,28,0,8,0,7,2,0,1,0
"kneels",1,0,12,4,0,5,0,2,0,1,0,7,3,3,0,2,0,0,0,0,0,2
"knife",1,4,29,8,2,0,0,0,1,1,9,1,27,20,0,1,1,1,3,0,6,0
"knock",2,4,3,0,1,1,2,2,1,0,2,0,3,4,1,2,0,0,4,1,2,0
"knocking",6,1,3,2,1,4,1,0,0,0,2,2,1,0,0,1,1,0,2,0,2,1
"knocks",4,5,2,0,1,3,4,0,3,2,7,2,0,0,0,2,1,1,3,0,3,0
"lady",12,1,0,0,1,0,0,2,0,2,2,0,0,8,1,0,0,1,4,0,9,0
"laid",1,1,1,2,0,0,0,3,1,0,1,0,2,1,0,0,0,0,0,2,1,1
"landing",4,11,12,1,4,0,0,1,2,0,0,7,0,7,0,4,3,11,5,2,0,8
"laughing",12,4,4,3,0,4,3,0,6,1,6,0,3,13,0,4,0,1,3,1,6,0
"laughter",5,1,2,2,0,1,2,1,0,1,2,0,0,2,0,6,0,0,0,0,3,0
"lays",2,0,2,7,1,0,3,1,0,2,1,0,0,0,0,0,1,0,1,1,3,1
"leading",4,2,6,17,0,1,0,3,1,0,0,2,0,3,0,0,1,1,2,1,6,7
"leads",1,4,18,2,0,1,0,0,0,0,7,8,4,4,1,2,3,5,2,0,3,3
"lean",2,0,2,1,0,0,0,0,1,0,2,1,0,0,0,1,1,1,0,1,0,1
"leaning",5,1,0,0,1,4,1,0,3,0,1,0,2,8,0,1,0,3,0,4,1,1
"leap",1,0,5,1,1,0,0,0,1,0,0,0,0,0,0,3,1,2,1,0,0,3
"leaps",4,4,23,5,1,2,0,0,0,0,0,0,6,0,0,7,9,14,3,2,0,3
"leather",2,2,1,2,1,2,0,0,0,0,3,2,0,0,1,0,0,0,1,1,3,2
"less",2,3,2,2,0,1,1,0,2,0,1,2,0,1,0,1,1,0,0,3,5,8
"letting",1,2,2,5,1,1,1,1,0,1,1,0,0,0,1,1,0,1,3,0,1,0
"level",7,3,9,0,0,0,0,2,0,0,1,6,6,0,1,1,18,2,15,4,2,0
"lift",1,2,8,1,2,0,2,2,2,0,0,0,0,8,0,0,1,0,0,0,3,0
"likes",1,0,2,0,0,0,1,0,0,7,0,1,1,1,3,0,1,0,0,2,1,0
"lined",3,1,1,2,0,0,0,1,0,0,0,1,0,0,1,0,1,0,1,0,1,2
"list",1,7,0,0,0,2,0,0,0,2,1,0,0,0,0,1,0,0,6,1,2,2
"load",1,0,2,3,0,0,5,2,2,1,1,1,0,0,0,2,1,0,2,0,0,0
"lobby",4,15,0,0,2,3,1,3,0,0,8,0,9,22,3,2,0,0,10,2,20,0
"locked",2,5,2,0,0,2,1,0,0,3,0,2,6,0,0,2,2,3,5,2,1,0
"longer",2,4,2,9,3,1,0,0,0,1,9,4,2,0,0,2,7,1,6,4,3,0
"loose",2,0,5,2,0,1,0,1,0,0,1,2,1,0,0,0,7,1,5,5,0,0
"loses",1,1,0,1,0,1,0,0,2,0,1,3,1,0,0,2,2,0,2,0,1,0
"losing",3,2,1,1,0,2,0,0,0,0,0,3,2,1,0,2,1,1,3,0,2,1
"lots",1,1,1,3,2,0,0,0,0,0,0,0,3,3,0,1,0,0,1,0,0,3
"loud",2,4,1,4,0,1,2,3,3,0,2,2,4,0,0,2,2,4,0,2,0,1
"loved",2,4,0,1,1,2,1,0,1,0,0,0,1,0,4,0,0,1,0,0,0,0
"lovely",4,1,0,0,0,0,1,0,2,4,0,0,0,0,10,1,0,1,0,0,9,2
"lower",2,0,1,1,3,2,0,0,1,1,2,4,1,0,0,0,4,2,1,2,2,0
"lucky",2,0,5,0,0,0,4,0,0,0,3,1,0,0,2,3,2,2,2,1,15,1
"lunch",2,1,0,0,0,1,1,6,1,0,1,0,0,1,2,2,0,2,0,0,4,0
"lurches",5,0,1,2,1,0,0,3,1,0,3,1,0,0,0,1,1,0,3,0,0,0
"main",6,5,5,2,7,0,0,1,0,0,1,6,3,0,3,0,13,5,7,1,0,1
"major",1,5,0,28,1,0,1,0,2,0,3,4,3,0,0,0,0,1,1,2,82,9
"male",2,1,2,0,1,1,0,0,17,0,2,0,0,0,0,0,0,0,1,1,1,1
"manage",1,1,0,1,1,1,0,0,1,0,0,0,0,2,0,0,1,0,0,0,1,1
"married",2,2,0,4,5,1,0,7,0,5,3,0,0,1,8,0,0,1,3,1,0,0
"mask",20,5,14,1,1,4,2,2,0,0,0,12,9,0,0,2,10,3,0,1,0,0
"mass",2,1,2,0,0,0,0,0,0,0,1,1,2,0,0,0,3,2,1,0,1,0
"massive",5,2,20,0,0,0,1,0,7,0,2,20,0,0,0,3,2,2,1,1,1,7
"match",1,0,1,4,3,3,1,1,0,1,2,1,0,0,0,4,0,3,7,1,1,1
"material",1,1,1,3,1,0,1,0,0,0,0,1,0,0,0,0,1,1,0,2,0,1
"members",2,6,3,1,0,0,2,0,0,0,1,9,0,0,0,0,0,0,2,2,9,0
"message",2,1,3,3,0,0,0,0,0,0,3,0,5,0,0,1,3,3,5,12,2,0
"mile",1,1,2,2,0,1,0,1,3,0,0,0,0,1,0,1,0,0,2,0,0,2
"miles",2,3,5,4,0,0,1,0,1,0,1,4,0,0,1,4,0,1,4,5,1,7
"mirror",12,6,2,0,0,6,10,4,0,17,4,0,3,6,0,8,0,0,4,1,2,0
"mission",2,1,3,1,7,0,0,1,1,0,3,4,0,0,0,0,0,3,4,5,4,16
"momentarily",6,0,1,2,0,0,0,0,2,0,1,1,2,0,0,1,1,1,1,0,1,0
"moments",7,11,0,3,1,17,8,0,0,0,4,4,1,2,0,1,0,1,4,1,1,0
"monitor",4,7,11,0,0,0,2,0,0,0,1,0,11,0,0,0,1,5,10,1,0,0
"mood",1,1,1,3,0,2,1,0,1,0,0,0,1,1,0,2,0,0,1,0,0,0
"motion",4,3,8,4,1,1,0,1,0,0,0,0,0,0,0,7,0,0,1,4,3,0
"mountain",1,1,8,1,1,0,0,0,3,1,0,2,0,14,0,3,0,0,1,1,13,0
"movement",1,0,4,10,1,0,0,1,2,0,1,0,1,0,0,0,3,1,0,0,1,1
"murder",1,1,0,0,0,11,7,0,0,0,0,0,3,5,0,1,0,1,2,0,1,0
"naked",1,3,0,8,10,4,0,0,0,0,3,0,2,4,0,0,1,0,0,0,1,0
"natural",1,1,3,2,0,1,0,0,0,0,1,2,1,0,0,0,1,0,0,0,0,3
"nearly",4,0,0,7,0,1,0,0,0,1,0,7,3,0,0,4,2,1,0,0,0,3
"needed",2,0,2,0,1,3,0,0,0,0,2,2,0,0,0,2,0,0,3,1,2,1
"nervous",4,0,5,0,0,1,2,1,1,2,0,4,0,1,1,0,1,2,4,3,1,2
"nervously",2,0,2,0,0,7,0,1,0,1,7,9,0,0,1,0,5,0,6,0,0,3
"news",6,4,0,2,2,1,3,3,0,0,3,3,5,1,0,2,0,4,7,0,0,5
"nine",3,2,3,1,0,1,0,3,0,0,3,0,0,1,0,1,1,5,2,2,2,5
"nodding",1,2,3,1,1,0,5,0,0,0,1,0,0,0,0,1,3,0,0,4,0,0
"noise",4,1,2,1,0,0,0,6,4,4,1,2,11,1,0,2,4,0,4,13,2,0
"none",1,3,0,8,0,3,3,1,0,0,1,1,0,1,0,2,2,2,0,2,10,4
"normal",1,3,0,0,0,0,2,0,3,1,0,1,0,1,1,1,1,3,1,3,0,3
"nose",4,5,5,8,0,2,2,3,0,2,13,0,0,0,0,3,13,2,4,2,0,0
"note",2,1,0,1,1,1,0,1,0,1,1,0,3,4,2,0,0,1,3,1,1,4
"notice",1,0,0,3,0,0,1,0,0,1,2,0,6,2,0,5,3,4,2,1,5,2
"nowhere",2,0,0,4,3,2,3,0,1,3,4,5,4,0,0,1,1,4,2,0,0,1
"nuts",1,1,0,0,2,2,1,1,1,0,3,0,1,0,0,0,0,1,0,3,0,0
"oblivious",1,1,2,2,0,0,2,0,0,0,1,0,0,0,0,1,0,1,4,1,0,0
"obvious",3,1,1,1,3,2,0,0,0,1,0,0,2,0,1,0,0,1,0,1,2,1
"offer",2,0,0,0,0,3,0,1,1,0,0,1,0,0,1,1,0,2,2,3,4,0
"offers",2,3,2,5,0,1,3,0,0,0,3,2,1,0,0,1,0,0,2,4,7,2
"officer",1,0,1,6,0,1,1,6,0,0,2,7,1,0,0,0,1,5,6,16,28,9
"opening",3,2,2,0,0,2,0,2,0,0,0,4,3,3,2,2,11,2,6,4,3,0
"orders",2,1,3,6,2,0,1,0,0,0,0,4,0,2,0,0,0,2,1,22,3,11
"outta",2,1,1,1,1,0,7,1,1,1,0,3,10,0,0,0,0,1,2,0,6,0
"overhead",24,0,13,5,2,0,0,0,1,1,0,1,1,0,0,1,0,3,3,2,0,0
"pace",3,1,1,2,0,1,0,1,0,0,0,0,1,0,0,1,1,1,0,0,0,1
"packed",1,0,2,1,1,0,1,1,2,0,3,0,3,0,0,0,2,0,0,0,2,0
"page",4,0,0,1,1,0,0,0,0,0,7,0,4,1,2,1,0,3,11,1,5,0
"pain",4,12,14,6,2,0,2,0,1,0,9,9,5,0,0,8,1,5,2,0,4,4
"paint",3,5,4,3,0,0,0,0,0,0,3,0,1,0,5,1,0,0,1,6,1,0
"pale",1,4,8,0,0,0,2,0,0,0,2,1,1,0,1,6,0,0,2,0,0,0
"panel",2,0,0,0,7,0,0,1,0,0,0,6,1,7,0,0,8,3,12,7,0,0
"panic",11,2,1,3,0,1,0,0,0,0,2,3,2,0,0,0,2,0,2,2,2,0
"pants",1,10,2,8,1,3,3,3,0,0,2,0,1,0,0,0,1,1,0,1,2,1
"papers",2,1,0,0,0,2,1,2,0,0,0,0,1,2,0,0,1,1,0,2,13,2
"parents",4,2,1,0,0,0,0,1,2,0,7,0,1,0,5,3,0,1,1,0,0,0
"park",12,5,0,0,2,1,1,3,0,0,0,0,0,1,0,1,0,8,1,2,0,0
"parked",3,6,0,2,1,5,1,9,0,0,2,8,1,2,0,2,0,7,4,1,0,0
"parking",7,14,0,0,0,4,2,9,0,3,6,0,2,0,0,6,0,0,4,0,0,0
"pass",8,6,8,5,0,2,3,0,0,0,3,3,2,0,3,2,0,3,5,5,4,5
"passengers",2,4,1,0,1,0,1,0,0,0,0,0,3,2,0,1,0,1,5,2,0,0
"passing",3,6,4,3,0,2,0,1,0,0,2,7,2,1,3,0,0,1,4,4,2,3
"path",9,0,9,10,2,0,1,0,0,2,2,1,2,1,0,1,0,0,2,1,0,10
"pats",2,0,0,0,0,1,1,1,1,0,2,0,1,2,0,1,0,0,0,1,1,2
"pause",15,13,0,0,7,1,0,1,2,4,1,0,1,0,2,2,7,3,0,5,8,4
"pavement",9,0,1,0,1,2,1,2,0,0,1,1,2,0,0,1,0,0,2,0,0,0
"peers",2,1,0,8,0,1,0,2,0,0,0,4,4,1,0,1,10,4,0,1,1,0
"pencil",1,0,1,0,0,0,0,2,0,0,0,0,3,0,0,1,0,2,1,1,1,1
"perfectly",1,0,0,0,2,0,3,0,1,0,0,1,1,0,1,1,0,2,1,1,3,2
"personal",1,3,0,1,1,1,0,3,0,1,0,1,1,0,3,2,0,1,2,2,1,2
"phone",13,36,0,0,3,17,12,32,0,1,13,0,67,76,3,17,0,6,50,14,6,0
"photo",5,2,2,0,6,8,0,0,0,0,3,0,0,0,1,6,0,2,4,2,2,0
"photos",14,0,0,0,2,3,0,0,0,0,1,0,0,0,0,5,1,1,3,6,1,0
"pictures",4,0,6,0,1,1,1,0,0,0,7,0,1,1,3,1,4,2,0,0,1,0
"pile",4,2,1,9,1,1,0,1,4,1,4,0,0,0,0,0,0,3,0,0,6,3
"plain",1,0,1,2,0,0,1,1,1,0,1,0,0,0,0,0,3,4,1,0,2,0
"plants",2,1,9,0,1,0,0,2,0,0,0,1,1,0,0,0,1,0,0,1,0,1
"plastic",3,2,0,0,0,9,0,2,8,0,0,0,1,0,0,0,3,2,1,3,0,0
"plates",2,0,1,1,0,0,1,5,0,0,0,1,1,0,1,1,0,2,0,0,0,0
"playing",3,3,3,9,4,3,3,0,0,2,5,0,1,2,3,1,0,0,10,0,13,2
"plays",1,1,2,0,1,1,3,3,0,2,4,0,3,0,2,4,0,0,3,0,3,1
"pleasure",4,1,0,0,6,2,0,1,0,0,0,0,1,3,1,1,1,1,1,0,5,0
"pocket",7,7,1,3,0,5,1,2,0,0,4,0,2,1,0,1,3,13,8,2,9,0
"pockets",2,2,0,1,0,1,0,3,0,0,1,0,2,0,0,0,0,1,0,1,0,3
"pointing",1,7,3,2,3,2,1,0,1,0,0,2,0,0,0,1,7,5,3,0,11,1
"police",17,11,0,0,0,11,3,13,0,0,2,0,26,1,0,12,0,3,13,0,0,0
"pool",4,1,5,2,0,0,1,0,0,0,4,0,0,0,1,1,0,0,1,0,1,2
"poor",3,0,0,4,2,0,1,1,1,0,1,0,3,0,0,1,3,3,0,0,1,2
"pops",2,2,0,3,2,3,1,2,2,0,3,3,3,0,0,3,2,0,6,0,4,1
"possibly",1,0,0,2,1,1,0,0,0,0,1,1,1,0,0,1,0,1,0,0,1,0
"pound",1,0,0,0,1,0,1,1,0,0,0,1,0,2,1,0,1,1,1,0,2,0
"pounding",1,2,2,5,0,0,0,0,0,0,2,1,1,0,0,0,1,3,4,1,0,0
"pounds",1,1,2,0,1,0,0,1,0,0,1,2,2,1,0,0,1,0,2,5,2,3
"pouring",2,2,2,3,1,0,0,0,0,0,1,0,0,1,0,1,2,1,1,2,1,0
"pours",2,4,3,2,2,1,0,0,0,0,3,1,0,0,0,0,0,1,3,3,4,3
"powerful",2,1,2,6,2,0,0,0,1,0,1,3,0,0,1,1,2,0,1,0,0,2
"prepares",1,0,0,2,0,0,1,0,0,0,2,1,0,0,0,0,0,1,1,4,2,2
"present",1,1,0,1,1,2,7,0,0,0,0,0,0,0,19,1,2,1,4,1,3,0
"private",5,0,2,0,7,0,0,1,0,0,0,1,1,0,5,1,0,1,1,1,47,44
"problems",3,0,1,0,0,1,6,3,0,1,2,1,0,1,0,0,0,1,0,0,0,0
"promise",1,8,0,1,0,0,0,0,0,2,5,1,1,2,1,2,0,0,2,1,1,0
"protect",1,1,3,1,0,0,2,1,1,0,1,1,0,0,0,4,0,0,2,0,4,1
"proud",1,1,3,3,1,0,0,1,0,0,3,1,0,0,1,0,0,1,1,0,2,0
"punches",1,16,2,0,1,1,4,5,0,0,2,1,0,0,1,0,7,1,6,1,0,0
"quite",10,2,0,2,4,0,0,2,5,3,0,0,1,6,3,3,4,2,0,1,18,0
"race",7,0,3,4,1,2,7,0,0,0,0,10,3,0,0,3,1,3,7,1,3,4
"races",5,2,0,2,1,0,0,1,2,0,1,11,14,0,0,3,1,8,6,4,0,4
"racing",3,0,0,5,1,3,0,0,1,0,1,4,1,0,0,0,2,2,4,2,0,1
"radio",7,1,1,0,0,0,0,0,0,0,0,2,0,29,0,0,11,2,12,8,12,8
"rage",1,1,3,0,0,1,3,0,0,0,7,1,0,0,0,3,0,2,1,0,0,0
"rain",1,5,6,5,2,0,2,0,0,1,0,2,2,0,11,7,0,1,0,4,1,1
"raise",1,0,5,2,0,0,0,2,1,0,0,0,1,0,0,0,0,1,0,3,1,2
"rather",6,1,0,0,1,1,2,1,0,0,2,0,0,1,0,1,3,1,0,0,5,2
"react",1,0,1,3,0,2,1,0,0,0,2,6,1,0,0,0,2,1,2,1,4,4
"reaction",2,1,1,1,0,2,1,2,0,0,1,0,0,1,0,1,1,0,0,0,0,3
"reading",2,6,0,0,4,1,2,0,0,0,12,0,2,3,2,1,1,2,0,17,1,2
"realizes",3,0,5,2,1,1,0,0,1,0,6,5,1,0,1,8,1,0,2,2,1,0
"rear",8,3,1,0,4,1,0,2,0,0,1,3,1,0,0,1,4,5,5,3,1,9
"reason",2,3,1,1,3,3,0,3,1,2,2,0,3,0,0,3,1,0,0,2,5,2
"recognize",2,0,2,1,0,0,0,0,0,1,0,2,1,1,2,0,2,4,0,0,2,0
"recognizes",1,0,2,5,0,0,1,0,1,0,1,1,2,0,0,0,0,1,0,1,0,0
"reels",1,1,3,0,0,0,0,1,0,0,1,0,0,0,0,5,2,1,0,0,5,1
"releases",2,1,4,0,0,0,2,1,0,1,0,0,1,0,0,0,2,0,0,1,1,1
"relief",2,1,1,1,0,1,1,0,0,0,2,1,0,0,0,5,0,0,0,3,1,2
"remains",1,5,2,4,0,0,0,2,1,0,4,2,5,0,0,0,4,4,1,1,3,5
"remote",2,2,2,0,0,1,0,0,0,0,1,1,1,0,0,1,1,0,2,0,0,0
"removes",5,0,3,1,0,4,2,0,0,1,0,5,0,1,0,1,1,1,0,0,12,1
"report",3,0,5,4,0,1,4,0,0,0,3,4,0,0,3,0,0,1,1,2,2,2
"responds",1,1,2,0,0,0,0,0,1,0,0,3,1,0,0,0,0,1,1,1,1,2
"return",2,3,1,2,0,0,0,0,0,0,1,2,0,0,2,0,0,0,2,3,0,4
"revealing",4,1,5,0,7,2,1,0,0,0,5,8,2,8,0,1,6,11,7,1,1,0
"reverse",3,1,1,0,1,0,0,2,0,0,0,0,0,3,0,1,1,1,1,0,0,3
"ride",2,0,7,12,2,1,0,0,0,0,0,0,4,0,1,2,0,4,0,5,3,0
"ripped",1,0,1,0,0,1,0,1,0,0,1,1,2,0,0,0,3,1,1,0,0,1
"rips",7,1,5,0,2,0,0,1,0,1,1,6,9,0,0,3,0,3,4,5,2,0
"river",6,3,10,66,1,0,0,0,0,0,0,0,0,2,6,10,0,1,8,3,0,1
"road",9,5,2,0,4,1,0,22,0,4,2,0,6,27,2,11,0,18,8,0,3,31
"roar",2,0,13,1,0,0,0,4,0,1,1,11,0,0,0,0,1,1,2,0,0,2
"roars",4,1,3,1,0,0,0,3,0,6,1,5,0,0,0,1,2,2,5,1,0,1
"rocks",1,4,3,0,0,0,0,0,6,0,0,0,0,1,0,2,1,1,1,3,1,9
"roll",14,2,5,3,2,4,1,0,2,1,6,0,3,0,0,1,1,2,1,0,0,2
"rolling",3,1,8,8,1,1,0,1,1,0,1,3,0,0,0,0,1,1,0,2,0,0
"roof",32,2,2,9,2,0,1,3,0,1,3,0,0,0,0,3,1,7,1,0,5,0
"roughly",3,1,4,1,0,0,0,0,0,0,0,2,0,0,0,0,1,3,0,1,1,1
"round",4,2,2,3,2,0,1,0,9,1,0,3,2,15,0,0,1,1,6,6,0,2
"rounds",1,0,10,1,2,0,0,0,1,0,0,1,0,0,0,0,0,2,1,0,1,3
"rushes",2,1,1,3,1,3,3,2,0,0,8,0,3,0,0,7,0,2,1,1,1,0
"sack",1,2,1,3,2,0,1,4,0,1,10,7,0,0,1,0,0,1,0,0,1,0
"safe",5,0,3,1,0,1,1,0,5,1,2,0,7,0,1,7,3,1,5,5,1,0
"safety",2,2,1,2,0,1,0,0,2,1,0,3,3,0,0,1,0,1,2,1,3,1
"sake",3,0,1,0,1,0,0,4,0,0,2,1,0,0,2,1,0,1,0,1,3,0
"save",6,3,3,1,7,1,2,0,0,2,4,3,2,0,0,2,1,0,0,1,1,3
"saved",2,1,1,0,1,2,0,0,0,0,3,1,0,0,0,1,0,1,0,0,1,3
"scans",2,1,5,1,0,0,0,2,0,0,1,2,2,0,0,0,5,0,5,1,0,4
"scared",3,0,3,1,0,1,1,0,0,2,3,5,6,4,1,2,0,0,1,1,0,3
"scrambles",2,3,7,5,0,0,1,0,2,0,0,3,0,0,0,0,1,3,5,0,0,4
"scream",6,2,4,3,0,0,1,0,0,0,1,7,16,0,0,3,2,0,10,0,0,3
"scurries",3,0,1,2,0,1,0,0,0,0,1,1,0,0,1,0,1,1,0,0,0,2
"searching",1,4,0,1,0,1,0,0,1,0,1,5,4,1,1,2,0,5,1,2,0,2
"seats",2,4,1,1,0,1,1,0,0,0,1,2,6,2,0,0,3,5,0,0,12,0
"seconds",16,7,5,4,1,0,6,0,0,0,2,3,5,0,0,0,10,5,13,8,2,1
"secret",3,1,0,1,3,0,0,0,0,0,1,3,0,0,1,1,0,5,18,3,3,0
"section",1,1,1,1,0,1,0,0,0,1,0,2,4,0,0,0,6,1,1,0,0,1
"security",3,20,5,0,3,4,0,1,0,0,6,2,17,0,0,5,1,4,18,6,4,0
"seem",6,0,9,5,4,2,1,0,0,0,5,0,0,1,3,1,2,4,0,1,6,1
"send",2,2,1,3,3,0,0,3,0,0,2,2,3,0,1,0,1,2,1,2,4,3
"sends",4,2,0,4,1,0,0,0,0,0,1,3,1,0,0,1,0,1,0,1,1,0
"sense",2,1,0,4,1,2,0,1,2,0,0,2,0,1,3,2,3,5,4,0,2,3
"sent",1,0,4,1,0,0,2,1,0,1,3,3,3,0,0,0,0,0,3,1,1,1
"serious",2,2,2,0,0,3,6,0,0,1,0,0,1,3,1,4,1,2,0,0,1,2
"setting",3,3,3,2,0,0,0,0,0,3,1,2,1,0,0,0,1,2,1,1,1,0
"shadow",6,0,20,3,11,1,1,0,1,1,1,1,2,0,0,2,0,0,0,4,1,2
"shadows",2,0,13,7,2,0,0,0,1,2,1,1,1,0,0,3,1,0,1,4,1,4
"shake",4,5,0,3,0,0,1,0,4,0,1,0,1,0,0,0,0,0,0,4,1,2
"shaken",3,0,3,2,0,1,2,0,0,0,2,1,0,0,0,0,0,1,1,1,1,1
"sharp",2,3,7,4,0,0,0,0,2,1,1,1,3,0,2,2,2,5,1,1,0,2
"sharply",1,1,3,0,0,0,0,0,1,0,0,3,0,0,0,2,3,3,1,1,0,0
"shatters",5,2,0,0,1,2,1,0,0,0,0,2,0,0,0,1,0,1,2,2,0,0
"shed",1,1,0,0,0,1,2,3,0,0,0,0,3,0,1,1,0,0,1,1,0,2
"shelf",1,1,1,0,0,0,3,1,13,0,1,0,1,3,0,0,1,4,0,1,1,0
"shifts",3,0,0,1,1,0,0,1,0,0,2,3,2,0,0,1,0,4,3,1,0,3
"shirt",3,8,1,2,1,6,7,0,0,0,8,0,0,0,0,5,0,7,1,1,1,1
"shit",6,11,12,0,3,22,50,4,2,0,20,0,23,0,0,0,4,9,34,1,6,9
"shock",7,1,8,1,0,3,0,0,0,2,6,6,4,0,0,2,4,2,2,2,0,1
"shocked",2,0,1,4,1,1,0,0,0,0,3,2,0,0,0,1,2,1,1,1,4,1
"shoot",3,0,7,5,2,3,2,6,4,0,1,1,2,0,0,0,0,6,3,8,4,8
"shooting",5,0,3,1,1,0,0,2,1,0,1,4,0,13,0,1,0,5,2,5,2,1
"shop",2,2,0,0,1,0,5,2,0,0,0,0,0,0,4,4,0,11,1,1,5,1
"shots",19,0,1,3,1,1,2,2,0,0,0,2,0,1,1,1,0,2,2,0,2,0
"shouldnt",2,1,1,1,1,0,0,2,0,3,1,1,2,0,3,2,1,0,0,2,2,0
"shouting",2,3,7,4,6,0,0,0,3,0,3,0,0,0,0,0,0,3,1,6,0,0
"shouts",2,3,7,4,0,0,1,0,4,0,0,0,0,4,0,0,2,1,2,9,0,0
"shoves",2,5,4,1,1,0,3,0,0,1,3,0,3,0,0,0,0,7,4,0,0,2
"shower",3,1,2,0,0,3,5,5,0,0,3,0,3,0,2,0,0,2,0,0,0,2
"showing",6,3,9,1,2,1,1,2,1,1,1,0,0,3,2,0,6,1,0,0,2,0
"shrugs",3,3,1,0,0,1,1,0,2,0,7,2,1,0,1,5,2,2,2,0,0,4
"sick",3,4,0,3,0,4,7,0,0,0,11,0,0,0,0,1,2,0,0,1,1,0
"sides",1,4,5,2,0,0,0,2,1,0,2,0,0,0,0,0,1,3,0,0,1,3
"sidewalk",11,7,0,0,0,2,1,0,0,0,1,0,1,0,0,1,0,1,1,0,0,1
"sideways",1,0,4,1,0,0,0,1,0,1,1,1,0,1,0,0,0,4,0,1,0,0
"sigh",1,1,1,1,0,0,0,1,0,8,1,0,0,0,0,0,0,0,0,1,1,2
"sighs",2,3,3,1,0,5,6,1,1,5,1,4,0,0,0,3,1,5,1,0,0,7
"sign",10,9,3,16,5,2,0,5,3,0,1,0,1,0,0,3,0,1,9,6,2,2
"signal",5,1,2,1,6,1,0,1,0,0,0,1,0,0,0,0,5,0,3,6,0,1
"silently",5,0,4,4,0,1,1,2,0,0,6,1,0,0,0,0,4,2,0,0,3,4
"simple",2,2,1,3,0,0,1,1,1,0,3,1,1,0,2,0,2,4,1,0,3,4
"sing",2,0,0,0,0,0,0,0,10,4,0,0,2,0,1,0,1,1,1,1,0,1
"singing",6,0,2,5,8,2,0,0,17,8,0,0,0,0,1,1,0,0,1,2,0,0
"sinks",5,0,0,1,0,0,0,0,1,0,3,3,0,2,0,3,0,0,5,1,1,0
"sixty",2,2,0,1,0,0,1,0,0,0,0,1,0,1,0,1,0,1,5,2,2,2
"skin",1,3,7,7,3,4,5,1,2,1,0,0,0,0,1,11,0,9,1,0,2,0
"skull",1,1,7,5,0,0,2,0,0,0,1,0,0,0,0,0,7,2,1,1,1,1
"slaps",1,10,1,4,1,1,2,3,0,0,0,1,0,0,0,0,1,2,0,0,1,0
"sleeping",1,3,3,8,0,0,3,1,0,3,0,0,2,0,0,0,0,0,1,1,0,0
"slide",4,5,2,1,3,0,0,0,1,2,1,0,2,0,1,6,4,3,4,4,0,0
"sliding",1,0,0,0,0,0,1,3,3,1,0,1,3,1,0,1,3,0,0,0,1,0
"slight",1,0,0,1,0,0,1,1,0,0,1,1,1,0,0,1,0,0,0,0,3,5
"slip",1,2,0,1,0,0,2,0,0,0,0,0,1,1,0,2,0,1,0,1,0,1
"slips",1,1,3,15,0,4,1,0,1,0,1,0,3,0,0,5,0,5,3,0,1,1
"smaller",1,0,1,1,0,0,0,1,1,0,0,1,0,0,0,1,1,1,1,1,2,1
"smart",2,1,0,5,0,0,2,0,0,0,2,0,4,0,1,4,0,2,4,0,0,2
"smashes",1,4,2,0,4,0,1,1,1,3,2,0,0,1,0,4,0,1,2,0,0,3
"smell",2,3,1,1,0,1,0,1,0,2,2,0,0,0,0,3,0,0,0,0,1,1
"smoking",3,9,2,1,5,0,0,1,0,0,3,1,0,0,1,0,4,4,0,0,11,0
"snap",4,4,5,2,5,0,1,1,0,0,0,11,0,0,0,2,0,1,3,1,0,1
"snaps",1,7,3,1,0,2,1,1,1,1,0,1,0,0,0,3,1,8,7,0,4,2
"snatches",4,3,1,4,1,0,0,1,0,0,1,0,0,0,0,0,1,1,2,0,0,1
"snow",2,2,0,2,0,1,0,43,6,4,0,11,0,35,0,0,0,0,0,1,0,0
"soft",1,1,3,3,0,0,0,1,1,1,0,0,2,0,0,0,1,2,0,0,0,2
"softly",2,0,4,3,0,3,5,2,0,1,2,0,0,0,0,1,2,1,1,2,0,5
"solid",1,2,3,2,1,0,2,0,2,1,0,0,1,0,0,0,4,1,0,0,0,0
"somehow",6,2,1,2,0,0,0,0,1,0,2,5,0,0,0,2,3,0,6,0,0,4
"somethings",1,0,1,2,1,0,0,0,1,0,1,0,1,0,0,2,0,1,6,0,0,0
"sort",1,2,1,1,3,3,0,0,1,2,0,1,0,2,0,1,2,10,0,0,2,1
"source",1,0,0,0,1,0,1,2,0,0,0,1,1,0,0,1,6,1,4,0,1,1
"speaking",1,2,0,1,0,2,1,0,3,0,0,0,0,6,2,0,3,0,3,6,8,2
"speed",7,3,2,7,0,1,0,1,0,0,4,0,2,0,0,10,6,4,4,14,0,0
"spin",1,0,2,0,0,2,2,1,0,0,0,1,1,0,0,1,0,1,4,1,1,2
"spinning",3,0,3,0,0,0,1,1,1,0,1,2,3,0,0,1,2,0,2,3,1,0
"spins",3,3,5,0,3,0,1,1,0,0,4,1,12,0,0,8,0,1,5,4,1,3
"split",1,4,0,4,3,2,0,1,3,0,2,0,1,0,0,1,0,1,0,0,0,2
"spots",4,2,1,5,1,4,8,0,0,8,3,0,10,0,0,2,0,4,5,9,0,1
"spreading",4,0,2,3,0,0,0,0,1,0,1,1,0,1,0,0,3,0,1,1,1,2
"sprints",2,4,4,0,0,1,0,0,0,0,1,0,0,0,0,1,1,2,3,0,0,3
"squad",6,0,4,1,0,3,0,3,0,0,0,7,3,0,0,0,0,0,1,0,1,16
"square",5,4,1,3,1,0,1,1,1,0,0,1,0,0,0,1,2,4,0,1,0,3
"staff",3,0,5,1,0,2,0,1,0,0,1,7,0,2,0,0,0,0,4,0,0,5
"staggers",1,2,3,4,0,0,0,1,1,0,0,0,0,5,0,0,3,4,3,0,0,0
"stars",1,1,1,2,2,0,0,0,2,2,0,3,0,1,0,0,4,14,0,0,1,1
"startled",5,2,2,3,0,4,1,1,0,1,6,2,0,0,0,3,2,0,0,1,1,0
"state",1,3,2,1,1,0,2,7,0,0,3,0,2,0,1,2,0,0,14,2,8,2
"station",1,3,2,0,0,3,3,0,3,0,4,3,7,0,0,10,0,2,15,7,0,0
"steel",10,2,6,0,1,0,0,0,1,0,1,1,2,0,0,0,6,4,12,5,0,1
"stick",1,1,8,3,1,0,5,0,3,2,3,2,1,0,0,0,0,1,3,1,2,2
"stomach",2,7,3,0,2,0,3,1,0,2,1,1,5,1,0,0,1,5,4,2,0,0
"stone",7,3,1,35,0,1,2,0,1,3,1,6,5,0,0,0,8,1,0,1,1,4
"stopped",1,0,1,5,0,0,0,3,2,0,3,0,1,0,0,2,3,4,0,2,0,0
"stopping",2,0,2,1,0,2,0,0,0,0,0,1,2,3,1,1,1,0,4,4,0,0
"store",3,6,0,1,0,1,2,0,0,0,0,0,1,13,3,2,0,12,11,0,7,0
"stories",12,3,1,0,0,0,0,0,0,3,1,1,0,0,1,1,0,1,0,1,1,0
"straightens",1,1,0,1,0,0,1,0,0,1,0,1,0,2,0,2,2,3,0,0,0,0
"strange",7,7,4,12,1,0,0,0,9,0,6,0,0,2,1,0,6,6,4,3,1,4
"stream",1,1,8,9,1,0,0,0,0,1,0,3,0,0,0,1,1,1,1,1,0,4
"street",74,32,0,1,11,17,27,4,1,0,13,0,17,0,8,1,0,22,18,0,0,8
"streets",12,3,0,0,2,0,1,0,0,0,0,0,0,2,4,0,0,1,3,0,1,1
"strength",1,2,3,1,0,0,0,0,0,0,3,5,1,1,0,5,2,0,2,2,1,0
"strides",5,1,7,1,0,1,0,3,0,0,0,2,0,0,0,5,0,0,1,0,1,12
"strikes",2,1,2,2,1,0,0,0,3,0,1,1,4,1,0,0,1,1,1,0,1,1
"strong",3,1,8,7,0,1,0,0,0,1,0,3,0,0,0,6,3,0,2,0,1,0
"struggle",1,2,1,0,0,0,1,1,0,0,0,2,0,0,1,0,0,1,1,1,0,2
"struggles",2,2,6,2,1,2,1,1,0,2,6,4,3,1,0,0,0,1,0,4,0,2
"struggling",1,2,1,1,0,1,1,2,2,0,0,1,0,2,0,2,1,2,3,0,0,3
"stuck",2,0,0,0,4,0,0,2,0,0,1,1,0,0,0,1,2,4,2,1,4,0
"studies",1,7,2,2,0,0,1,0,0,0,2,4,0,0,0,4,7,0,2,12,1,1
"study",4,1,1,1,1,4,0,0,2,0,2,0,0,0,3,2,1,0,0,2,2,1
"sudden",7,0,2,6,0,1,0,0,1,0,2,1,0,0,1,0,0,1,2,4,0,0
"suits",2,1,7,0,2,1,1,0,0,0,0,1,1,0,0,0,3,5,2,1,0,0
"support",2,7,0,1,0,0,0,1,1,1,1,3,0,0,0,0,1,0,2,0,0,0
"suppose",1,1,0,1,2,1,0,0,0,0,1,0,0,3,0,0,1,2,1,1,16,0
"surface",3,1,2,4,1,0,0,0,14,0,1,4,1,0,0,0,10,2,2,21,0,0
"sweat",4,7,0,4,1,0,1,0,1,0,0,0,0,0,0,1,4,1,2,2,2,1
"swing",2,4,3,1,3,0,0,0,0,0,3,0,1,0,0,2,1,3,3,0,1,2
"swinging",4,0,1,1,4,0,0,0,0,1,2,0,0,4,0,1,0,3,4,1,1,0
"switch",3,1,6,0,1,1,0,0,0,0,0,4,1,1,0,0,20,1,1,0,4,0
"switches",1,0,2,0,0,1,0,0,0,0,0,9,2,5,0,0,16,1,1,7,0,0
"tables",2,2,0,0,0,2,1,2,0,0,1,0,1,1,0,2,0,0,0,2,4,3
"tail",1,0,9,5,1,6,2,4,1,6,0,1,1,0,0,0,1,4,0,0,2,1
"tall",4,3,5,4,2,0,0,2,7,2,0,4,0,0,0,1,1,6,1,2,3,3
"tank",19,0,3,0,0,1,0,2,0,0,1,3,0,0,0,0,3,4,20,1,1,16
"taste",1,1,1,1,0,0,0,0,1,0,1,1,2,0,1,2,0,1,0,0,1,0
"team",11,0,5,4,1,3,5,0,1,0,0,0,0,1,0,3,2,0,6,0,1,1
"television",6,2,0,0,2,1,4,9,0,0,0,0,4,3,1,0,0,0,1,0,0,0
"telling",3,1,3,0,0,3,1,0,0,0,0,1,0,0,3,1,0,0,6,3,5,0
"tells",1,0,1,1,0,0,0,0,0,0,1,3,0,1,0,3,0,1,0,1,5,0
"terrified",5,0,2,3,2,3,4,0,2,1,3,7,3,0,0,4,0,6,7,0,0,2
"terror",5,1,2,1,0,0,0,0,0,0,1,0,4,0,0,2,2,1,4,0,1,0
"test",1,4,5,0,3,0,0,0,0,0,2,3,1,0,0,1,0,2,6,3,4,0
"thatll",1,0,1,0,0,1,1,0,1,3,0,1,0,1,0,1,2,0,0,0,0,0
"third",5,7,2,3,3,1,1,0,0,0,0,0,3,0,1,0,0,3,2,1,15,4
"thousand",1,1,5,1,0,7,1,10,0,0,0,7,0,0,4,0,0,3,6,13,5,8
"thousands",1,1,1,3,0,2,0,0,5,0,0,2,0,1,0,1,0,2,2,0,0,1
"threatening",1,0,3,0,1,1,0,0,1,0,1,2,0,0,0,1,0,1,0,0,0,1
"throughout",1,0,1,0,0,1,1,1,0,0,2,0,1,2,0,2,3,0,0,1,0,0
"throw",1,2,1,0,2,2,1,1,0,1,0,1,4,0,1,0,3,1,1,0,2,2
"throwing",5,4,1,2,0,0,0,0,1,1,1,0,3,4,0,2,2,0,3,0,3,1
"thrown",2,2,1,0,0,0,0,0,1,0,1,3,0,1,0,1,0,6,3,1,2,3
"tied",2,0,1,3,1,1,0,2,0,0,1,0,2,0,0,0,0,0,0,2,1,0
"tiny",13,6,11,3,2,2,5,0,7,0,1,4,0,0,0,5,8,8,1,1,0,2
"tired",1,0,2,2,1,1,3,0,1,0,3,0,3,2,2,2,0,0,0,0,0,4
"tires",2,1,1,0,0,1,1,0,0,0,1,0,0,0,0,6,0,0,2,1,0,1
"tone",2,0,2,1,0,0,0,1,0,0,1,0,1,0,0,0,0,1,5,0,5,1
"tongue",1,3,1,2,1,1,3,0,1,0,0,1,0,2,0,0,0,3,1,0,0,0
"tonight",4,3,1,2,0,2,10,1,0,0,6,0,9,5,7,2,0,2,2,0,18,1
"tosses",5,2,0,6,0,2,2,1,0,2,1,1,0,0,0,1,1,1,3,3,1,1
"total",4,2,2,0,0,1,1,1,1,0,0,0,1,0,0,0,0,1,1,0,0,0
"totally",5,2,2,0,2,3,2,0,2,0,2,1,0,0,2,2,3,2,2,1,0,0
"touch",3,1,9,4,1,0,0,3,2,0,1,1,0,3,0,4,7,2,4,0,3,2
"tough",3,0,1,2,0,1,2,1,2,0,3,1,1,0,0,0,0,4,3,0,0,3
"town",2,3,0,1,0,0,0,5,1,3,1,4,3,1,4,9,0,9,2,0,2,8
"track",5,0,4,1,4,3,1,10,0,0,0,2,0,2,4,4,0,3,6,4,0,0
"tracks",4,1,4,2,0,0,1,0,2,0,0,1,1,166,0,0,0,0,3,0,0,1
"traffic",4,2,1,0,1,5,0,3,0,1,0,0,0,0,2,0,2,10,14,0,0,1
"trailing",1,0,0,2,0,0,0,0,1,1,0,1,1,0,0,0,3,0,2,3,0,2
"trash",2,3,2,5,0,3,3,0,0,2,2,1,0,0,0,0,0,0,4,1,0,0
"tray",3,2,0,0,1,2,1,3,0,0,3,0,0,7,0,0,3,4,1,4,1,0
"trees",4,1,44,7,0,0,0,2,0,0,1,10,3,5,0,11,0,3,3,3,2,9
"trembling",5,1,2,2,0,1,0,0,0,0,3,0,0,0,0,0,1,1,1,1,3,0
"tried",1,4,1,3,2,2,0,0,1,1,0,1,2,6,0,3,2,2,5,0,2,0
"truck",7,4,1,0,0,0,7,3,0,0,2,0,0,1,0,25,0,24,10,0,19,10
"truly",1,2,1,1,0,0,0,0,1,0,0,2,1,0,2,2,0,0,1,0,4,0
"trust",2,2,10,0,2,8,1,0,1,0,2,2,6,1,3,3,0,0,0,0,5,1
"truth",2,1,5,1,0,0,0,0,1,1,1,6,0,1,0,6,0,0,1,0,1,0
"tumbles",1,1,2,2,2,1,0,0,3,0,0,0,0,0,0,0,3,0,1,2,1,0
"tune",1,1,1,0,1,1,1,0,2,0,0,0,0,0,2,0,0,1,1,0,1,0
"tunnel",4,0,3,0,0,0,0,0,1,2,0,1,0,2,0,0,5,18,12,4,0,1
"twice",3,3,4,2,2,3,0,2,2,0,2,1,0,3,0,0,0,1,1,1,1,0
"twists",3,1,3,2,0,0,0,1,0,0,0,0,3,0,0,0,2,2,1,0,1,0
"type",1,0,0,0,3,0,1,0,1,1,0,0,4,1,1,1,0,0,0,0,5,1
"unable",2,0,1,1,0,0,0,0,2,1,6,2,1,0,0,0,0,0,2,1,0,0
"unconscious",7,1,3,3,1,3,1,0,0,1,3,4,1,0,0,0,3,0,1,0,0,0
"underneath",4,0,1,1,0,0,1,1,1,0,1,0,0,0,0,0,0,8,3,0,10,0
"unfortunately",1,0,1,0,1,0,1,0,0,1,1,0,0,0,1,1,1,0,0,0,1,0
"unless",1,1,2,0,2,0,0,0,1,0,1,0,1,2,3,0,1,0,4,2,3,0
"upper",4,1,5,0,1,0,3,0,0,0,2,0,3,1,0,0,1,0,4,0,1,0
"upstairs",1,9,0,0,0,5,0,5,0,0,0,0,4,1,0,4,0,1,1,1,0,0
"useless",1,2,2,1,1,0,0,0,0,1,0,0,0,0,0,1,1,1,1,0,1,0
"uses",2,5,1,0,3,1,2,1,0,0,3,6,0,0,0,0,2,0,2,0,0,1
"using",3,3,4,3,2,1,0,1,0,0,1,6,1,0,0,0,3,3,2,2,1,2
"utterly",5,1,6,0,0,0,0,0,1,0,3,1,0,0,0,5,1,2,1,0,0,1
"various",3,0,3,0,5,0,0,3,3,0,1,3,1,2,1,0,2,4,2,2,0,0
"video",10,0,4,0,1,3,1,0,2,0,4,1,9,0,0,4,1,3,4,0,0,0
"violently",1,0,1,2,0,1,1,1,0,0,2,1,1,0,0,3,3,0,1,2,1,0
"visible",3,1,2,2,0,0,1,1,1,0,2,1,2,0,0,1,6,3,1,0,0,2
"waist",6,0,1,10,3,1,1,1,0,1,2,0,0,0,0,0,1,1,1,0,0,0
"waits",1,3,2,3,0,1,4,1,0,0,1,2,0,0,1,3,1,2,0,1,2,6
"wake",1,6,6,1,2,0,2,1,1,4,9,0,0,9,1,0,2,0,0,3,0,0
"warning",5,1,3,0,5,0,0,0,2,1,0,0,1,0,0,0,1,2,0,2,1,1
"waste",4,3,0,0,1,7,1,0,0,1,0,0,0,0,0,1,0,1,0,0,2,1
"weak",1,2,5,1,3,4,0,0,1,0,2,1,0,0,1,0,0,0,0,0,0,3
"weapon",2,0,2,0,2,0,1,0,0,0,2,25,0,0,0,1,1,18,0,9,3,2
"weapons",1,0,13,2,1,0,0,0,0,1,0,6,1,0,1,0,1,11,13,6,2,5
"weeks",1,5,2,0,0,1,0,2,0,0,2,0,1,0,0,1,1,0,1,2,3,1
"weight",3,0,7,2,4,1,0,4,2,0,1,0,0,0,0,1,2,1,1,2,1,1
"weird",1,0,0,3,0,4,0,0,1,0,6,1,1,0,0,2,1,1,8,3,0,0
"west",1,0,2,1,0,0,1,0,0,0,0,1,0,3,0,0,0,1,1,2,0,3
"whatd",1,0,0,0,0,0,0,3,0,2,1,2,1,0,0,0,1,0,2,0,2,1
"wheels",2,2,10,4,0,1,1,2,1,0,0,0,0,0,0,1,0,4,0,3,0,3
"wheres",2,3,0,1,5,0,3,11,3,1,2,4,6,0,3,2,4,0,9,0,0,1
"whip",1,0,0,0,0,0,1,0,0,1,1,2,1,1,0,3,0,1,3,2,2,0
"whips",5,1,2,1,0,0,0,0,0,0,4,2,0,0,0,6,0,7,4,1,0,0
"whisper",1,3,3,2,0,0,1,0,0,0,3,1,2,0,0,2,1,1,2,0,0,0
"whispers",3,3,1,5,0,1,0,0,0,1,3,1,0,0,0,0,1,2,1,7,2,0
"whose",2,1,1,1,0,2,0,3,1,0,5,3,0,0,0,0,3,0,1,3,0,1
"wife",6,0,0,10,2,9,0,20,2,2,0,1,0,8,6,2,0,5,0,5,12,2
"wild",2,3,6,9,1,0,0,0,2,2,0,2,0,0,1,4,1,0,1,1,0,0
"wind",7,1,6,162,1,0,1,0,13,0,2,5,0,0,0,3,9,0,4,7,0,2
"windows",5,12,3,0,0,4,1,0,0,1,0,2,3,1,0,3,2,1,4,2,0,3
"winds",1,0,1,1,0,1,1,0,0,1,1,0,0,2,0,0,1,0,0,3,0,1
"wipes",3,4,2,0,0,3,4,0,1,0,6,1,1,1,0,1,0,3,2,2,2,2
"wire",1,10,1,0,0,3,0,2,0,1,0,0,0,0,0,0,12,1,2,3,1,2
"within",5,0,5,1,0,0,1,1,0,0,1,3,4,1,0,2,2,1,2,2,1,3
"womans",1,0,0,1,0,1,0,1,0,0,1,0,1,0,1,1,0,2,45,0,2,0
"wonder",4,1,3,1,0,2,4,1,1,1,1,1,0,1,1,0,1,0,1,0,0,2
"wondering",1,1,0,3,1,0,1,2,3,0,0,0,0,0,0,0,1,2,1,0,0,1
"wooden",4,0,3,2,1,2,0,1,0,4,5,1,1,0,1,1,0,2,3,0,5,1
"worked",1,6,3,4,3,4,0,2,0,0,1,2,0,0,2,1,0,1,4,1,2,2
"worry",1,4,0,1,7,0,0,4,1,0,2,1,2,3,0,3,1,2,0,0,1,3
"worth",3,1,3,2,0,2,0,0,1,0,3,2,2,0,1,2,0,4,1,0,4,8
"wrapped",7,2,0,2,0,0,0,1,1,1,2,2,0,0,1,0,2,0,1,1,0,0
"wraps",1,0,0,0,0,0,3,1,0,0,1,2,1,0,1,7,1,3,0,1,0,0
"wrist",2,1,0,1,0,0,0,4,0,0,1,1,0,1,0,2,0,0,3,0,1,1
"yanks",4,3,8,0,0,2,0,1,0,0,1,3,1,0,0,2,6,3,8,0,2,3
"yard",1,2,1,4,0,1,3,0,0,0,3,0,15,0,0,2,1,5,1,0,0,1
"yellow",7,1,4,3,4,0,1,0,5,0,2,1,2,1,0,0,3,3,0,0,1,0
"zero",1,4,2,0,0,0,1,0,1,0,0,0,0,1,0,1,2,0,2,5,0,3
"agree",0,1,0,1,0,1,1,1,1,0,0,0,1,1,7,0,2,0,1,1,3,1
"alright",0,4,5,9,14,0,3,0,0,0,2,4,5,0,0,10,0,0,4,4,0,8
"angry",0,1,4,5,1,2,1,1,0,1,3,1,2,0,0,6,0,1,0,6,0,0
"animals",0,4,8,4,1,0,0,0,0,0,1,2,0,1,1,4,0,0,0,0,2,2
"answers",0,8,2,1,0,3,1,0,2,1,5,0,2,0,0,3,0,3,9,4,4,1
"anybody",0,1,2,0,0,1,1,0,0,1,0,0,0,8,1,0,4,2,1,1,6,4
"anymore",0,5,2,1,0,4,6,1,0,0,3,1,3,1,2,4,0,3,2,0,0,2
"arrives",0,2,1,0,0,0,1,0,0,1,0,7,1,0,0,0,3,1,2,2,0,0
"asking",0,4,0,3,0,0,1,1,0,1,0,0,1,0,2,1,0,1,1,0,0,0
"awake",0,5,2,2,0,2,0,0,1,1,4,1,0,2,2,2,2,0,0,1,0,2
"aware",0,3,3,3,1,2,0,1,1,0,1,0,2,1,0,1,0,1,1,0,11,0
"bare",0,2,2,1,2,0,0,3,1,1,1,1,2,1,0,5,3,1,0,0,4,1
"barrel",0,6,2,4,1,1,1,1,0,1,0,0,0,0,0,1,0,3,2,1,1,4
"beating",0,2,2,2,1,0,1,0,0,0,1,0,3,0,2,0,1,0,2,0,3,0
"becomes",0,2,1,0,4,1,3,1,1,0,4,3,4,0,1,2,3,1,2,2,0,0
"beer",0,5,1,0,1,0,4,2,0,6,9,0,0,1,0,2,0,2,0,0,11,0
"bird",0,1,1,197,2,1,0,0,3,5,0,0,0,0,0,1,1,0,0,0,1,0
"birds",0,1,1,48,0,1,1,0,1,0,0,0,0,0,0,1,0,0,1,0,3,2
"bite",0,3,1,1,1,0,5,1,2,0,2,0,1,1,0,5,1,1,0,0,4,1
"bites",0,1,2,4,1,0,1,1,0,1,0,1,0,0,0,1,0,1,1,0,0,0
"blank",0,2,4,6,0,0,0,1,0,0,1,0,1,0,0,2,5,4,3,0,1,1
"blasts",0,2,6,0,1,0,1,0,1,0,0,16,0,0,0,5,0,3,0,1,0,5
"bleeding",0,4,4,2,0,0,3,1,0,0,3,0,0,0,0,0,1,0,3,0,1,3
"blown",0,4,2,0,0,0,0,0,1,0,1,2,0,0,0,0,1,0,1,1,1,2
"boom",0,3,0,1,0,2,0,1,7,1,4,1,0,0,0,2,1,1,0,0,0,6
"born",0,2,2,2,1,0,0,0,1,1,0,0,1,0,6,0,0,3,3,0,9,0
"bother",0,2,0,2,0,0,1,1,0,1,1,0,0,0,1,1,0,1,0,0,1,0
"boxes",0,2,0,2,0,1,0,0,0,0,2,1,0,3,0,1,0,1,3,0,2,2
"built",0,2,1,1,1,0,0,0,0,1,0,3,0,2,0,0,3,0,0,4,2,0
"bullshit",0,2,1,0,0,4,3,1,0,0,3,0,1,0,0,0,0,1,4,0,0,1
"bunch",0,1,1,2,0,0,2,5,3,2,0,1,0,0,0,0,0,0,1,0,4,2
"careful",0,1,0,2,2,1,3,0,0,0,3,2,0,0,0,2,4,0,2,5,0,1
"certain",0,2,1,3,1,0,1,0,0,1,3,1,0,0,1,2,5,2,0,0,2,3
"changed",0,1,1,1,6,0,1,4,1,0,4,1,1,0,0,4,0,0,5,0,4,1
"choking",0,1,1,1,0,0,1,0,4,0,2,0,0,0,0,1,3,2,2,0,0,1
"class",0,1,0,0,0,0,6,0,9,0,6,0,4,0,1,13,0,0,4,10,0,1
"confused",0,1,1,3,4,3,1,0,0,0,7,6,2,1,0,7,1,1,4,2,5,0
"cool",0,2,1,0,2,4,3,0,1,4,6,0,8,0,0,0,0,2,0,3,5,0
"country",0,1,0,12,1,1,9,1,4,0,3,0,0,0,1,0,0,2,5,0,13,4
"covering",0,2,2,3,0,0,3,0,0,0,1,0,0,0,0,1,1,2,1,1,4,5
"crack",0,2,3,3,1,1,2,1,3,2,1,0,4,0,0,0,0,2,0,1,0,1
"crosses",0,2,11,0,1,1,2,2,0,1,1,2,1,1,1,2,0,1,0,0,2,1
"curb",0,4,0,0,0,2,3,0,0,1,1,0,2,0,0,2,0,4,3,1,0,0
"curtain",0,2,1,1,0,1,0,12,1,1,0,0,4,3,0,2,1,0,1,0,1,0
"dance",0,1,6,5,7,0,1,1,7,1,1,0,0,0,3,10,0,1,1,1,0,0
"dangerous",0,1,1,0,0,3,0,1,1,1,2,2,0,0,0,3,1,3,1,1,0,1
"deeper",0,1,2,2,0,0,0,1,1,0,0,1,1,0,0,0,0,2,0,1,1,4
"definitely",0,2,2,1,0,1,0,0,1,1,1,0,1,0,3,1,2,0,1,0,1,0
"directions",0,1,4,2,1,0,1,0,0,0,0,1,0,0,0,0,3,0,1,1,0,3
"dress",0,4,0,6,3,2,0,0,0,2,2,0,0,1,1,3,0,1,0,0,10,0
"drinking",0,3,0,0,2,2,0,0,0,0,1,1,2,1,6,1,1,0,0,1,5,0
"dropped",0,1,0,1,0,0,1,0,3,1,1,1,0,0,4,1,0,0,4,0,3,1
"eating",0,4,0,0,2,1,6,8,4,4,0,0,0,3,1,2,6,3,3,0,0,1
"eats",0,2,0,0,0,0,5,1,0,3,4,1,1,0,0,1,2,2,0,1,1,0
"effect",0,1,3,1,4,0,0,0,0,0,4,0,0,1,0,0,2,0,2,0,3,1
"evidence",0,2,0,0,1,3,1,0,0,0,2,0,2,0,0,2,1,1,4,0,1,0
"excited",0,1,1,4,1,1,1,1,2,0,3,0,0,0,1,0,1,0,0,1,3,0
"exploding",0,2,5,1,1,0,1,0,1,0,1,1,1,0,0,1,0,0,1,0,0,0
"extra",0,1,0,3,2,1,1,1,0,0,0,0,0,1,0,2,0,1,0,0,0,1
"facing",0,6,4,1,0,0,0,4,0,0,1,2,2,0,0,3,1,2,4,0,2,0
"faster",0,1,2,2,0,1,2,0,1,0,0,0,0,0,0,5,0,4,0,2,1,0
"fell",0,2,1,4,0,0,0,0,0,0,0,1,1,1,2,2,0,1,1,0,1,0
"finish",0,2,1,1,1,1,2,3,0,0,3,2,3,2,3,0,1,0,0,0,5,0
"finished",0,1,1,8,0,1,1,0,0,0,2,0,0,2,4,0,1,1,0,1,5,1
"floating",0,2,11,1,1,0,0,0,1,0,0,0,0,2,0,1,2,0,2,2,0,0
"forest",0,4,70,7,1,0,0,0,0,3,2,24,0,3,0,19,0,1,4,0,0,0
"freaked",0,1,1,0,0,1,0,0,0,0,2,1,1,0,0,0,0,1,2,1,0,1
"fuck",0,18,0,0,0,25,35,12,0,0,15,0,2,5,0,0,0,0,12,1,14,8
"fucking",0,13,1,0,0,12,62,25,0,0,11,0,2,4,0,0,1,0,12,2,12,12
"gave",0,3,2,0,0,1,5,1,1,0,3,3,2,0,1,2,0,3,6,1,4,3
"glad",0,2,0,4,0,2,1,0,0,0,0,1,0,6,3,4,0,0,0,1,2,2
"goddamn",0,1,6,1,0,0,5,4,0,0,2,0,0,1,0,0,2,2,3,0,5,9
"grow",0,2,1,0,0,0,1,0,1,0,3,1,0,0,0,0,2,2,1,2,2,1
"grunts",0,1,0,2,0,0,0,1,0,1,0,1,0,1,0,1,1,2,0,0,0,1
"harder",0,3,1,2,0,0,2,0,0,0,1,1,0,0,1,3,2,3,0,0,0,0
"heading",0,6,1,4,2,1,1,0,2,1,0,3,5,0,0,4,0,1,5,6,1,3
"held",0,1,2,5,0,0,0,0,0,0,0,4,2,0,0,0,4,3,1,0,2,2
"helps",0,3,4,1,0,0,3,1,0,0,2,2,2,1,0,4,0,1,0,4,0,2
"hiding",0,1,0,0,1,1,1,0,0,1,2,3,1,0,0,0,3,3,4,3,8,2
"holes",0,2,3,5,0,0,0,0,2,0,0,0,2,0,0,0,2,3,0,2,4,2
"hospital",0,1,1,4,1,1,2,1,0,0,6,0,0,0,0,8,0,0,0,0,3,0
"hurries",0,2,0,1,1,6,3,0,1,0,0,9,1,0,0,7,6,5,0,0,0,2
"including",0,6,1,2,2,1,6,0,0,0,2,7,0,0,0,0,2,1,0,1,2,5
"instead",0,3,0,2,1,3,1,1,1,2,0,1,0,0,0,6,0,5,1,0,3,2
"interest",0,1,0,3,1,0,0,4,1,0,1,1,0,1,0,1,2,0,0,0,2,1
"jams",0,1,3,1,0,1,1,0,0,0,2,0,0,0,0,0,2,2,1,0,1,0
"joins",0,2,2,1,2,1,1,0,1,0,0,1,1,0,1,2,0,1,0,1,6,5
"jump",0,1,5,1,0,3,0,1,2,0,1,1,1,0,1,0,1,3,5,5,2,0
"kidding",0,1,0,0,0,2,2,0,2,2,5,1,0,0,2,0,1,1,7,1,0,4
"killing",0,1,3,9,0,10,2,0,0,0,2,0,1,0,0,3,0,1,1,0,7,2
"leader",0,25,3,2,0,0,4,0,1,0,0,14,0,0,0,0,1,1,4,0,2,0
"liked",0,1,0,0,0,1,0,3,2,0,0,0,1,1,3,2,0,1,0,0,1,1
"listens",0,2,1,5,0,0,5,1,0,0,2,2,3,1,2,1,2,0,1,3,2,3
"lived",0,1,3,1,0,0,0,0,1,0,1,0,1,0,5,1,0,0,1,0,3,1
"locks",0,3,2,0,0,0,1,1,0,0,3,0,2,2,0,1,2,4,6,4,3,3
"looked",0,2,0,1,0,0,1,3,2,0,1,2,0,0,1,2,0,2,1,0,1,0
"louder",0,3,4,5,3,0,1,4,6,0,0,2,0,0,0,1,1,2,2,8,2,7
"mark",0,2,0,0,0,0,1,0,1,0,1,1,0,1,2,0,0,1,1,1,11,1
"marks",0,1,2,0,1,1,0,0,0,0,2,3,0,0,0,1,1,1,1,0,0,0
"means",0,4,2,2,6,2,0,0,0,1,0,2,0,3,3,2,2,4,8,3,12,3
"medical",0,2,1,0,0,0,0,0,0,0,2,1,0,0,0,1,4,2,2,1,2,1
"mistake",0,1,1,1,1,2,1,0,0,0,0,3,2,1,1,1,1,0,3,2,1,0
"month",0,4,1,1,0,3,0,1,1,0,0,0,0,1,2,1,0,0,2,0,1,0
"months",0,5,4,0,0,1,1,3,0,0,0,0,0,4,1,0,0,3,3,4,1,0
"motions",0,2,3,2,0,0,1,0,0,1,0,2,2,0,0,0,0,1,0,0,1,21
"moved",0,2,0,1,0,2,1,0,1,0,5,1,1,0,3,3,1,2,1,1,3,0
"movie",0,5,0,0,4,7,0,0,0,0,11,0,44,1,4,1,0,1,0,0,18,0
"muffled",0,1,1,1,2,0,0,4,3,1,0,0,1,0,0,0,5,0,0,1,0,1
"names",0,2,0,4,0,2,3,2,0,0,2,1,4,1,2,0,0,0,4,0,6,0
"neither",0,1,1,9,0,2,0,0,2,3,2,0,2,0,0,3,0,0,1,2,1,2
"notes",0,1,0,0,0,1,1,0,2,1,2,0,0,0,0,5,0,0,1,1,0,1
"pack",0,3,4,1,0,0,0,0,3,0,2,1,1,0,1,1,0,2,1,0,1,4
"parts",0,3,2,0,1,2,0,0,0,0,0,2,1,1,0,0,4,3,0,2,0,3
"peace",0,1,4,0,1,0,0,1,0,1,2,1,0,1,0,1,0,0,0,2,0,0
"picking",0,1,1,1,0,0,0,2,0,0,0,0,2,0,1,0,2,2,0,2,5,2
"pieces",0,3,0,2,4,2,0,0,0,2,0,9,0,2,0,2,5,5,4,1,0,3
"pissed",0,1,3,1,0,4,1,0,0,0,1,0,2,0,0,1,0,3,4,0,1,7
"planet",0,2,4,0,1,0,1,0,1,1,1,30,0,0,0,0,12,17,0,0,0,0
"post",0,4,0,9,0,1,0,3,0,0,2,1,2,2,0,0,0,2,0,3,2,1
"pour",0,1,3,1,0,2,1,1,0,0,0,0,0,0,2,0,1,0,1,0,0,7
"presses",0,3,4,2,3,0,1,1,0,0,3,0,1,2,0,2,12,0,1,2,1,0
"pressure",0,1,4,1,0,0,0,0,1,1,0,0,1,0,1,1,7,0,4,2,0,0
"questions",0,5,1,3,0,0,3,0,1,0,1,0,9,0,1,5,0,3,1,1,7,0
"quit",0,3,0,1,0,4,1,0,2,0,2,0,1,0,0,0,1,2,0,0,1,0
"raised",0,2,3,1,0,1,0,1,0,0,0,1,1,0,0,0,2,0,1,1,3,0
"reacts",0,1,3,0,0,4,1,1,0,0,1,12,0,10,0,0,1,2,4,0,2,1
"realize",0,1,2,3,0,3,0,0,0,0,1,0,1,0,3,4,0,1,6,1,1,0
"relieved",0,2,1,0,0,2,0,1,0,0,1,2,1,0,0,2,0,0,0,1,0,1
"remaining",0,4,6,3,0,0,0,0,0,1,2,4,0,0,0,0,2,3,0,0,3,2
"ripping",0,1,2,1,1,0,0,0,0,0,0,1,1,0,0,0,0,1,1,1,0,1
"school",0,2,9,0,0,3,11,2,3,0,10,0,9,4,1,32,0,2,4,0,2,2
"seated",0,6,2,3,2,0,0,1,1,0,0,0,0,19,0,0,12,0,0,5,6,0
"service",0,3,1,1,0,3,0,2,0,0,0,5,0,3,1,0,0,1,20,0,6,4
"seven",0,1,0,3,0,0,3,3,0,2,22,0,0,1,0,0,0,6,1,2,1,2
"shape",0,4,5,2,1,0,0,1,5,1,0,0,3,0,1,1,2,1,0,0,1,0
"share",0,6,1,2,4,1,1,0,3,1,1,0,1,0,1,4,0,0,4,2,3,2
"shoes",0,6,1,0,0,0,0,2,0,1,1,0,0,0,0,0,1,5,1,0,5,3
"shuts",0,3,0,3,2,3,2,2,0,0,4,0,0,0,0,0,1,0,1,4,1,0
"signs",0,1,1,7,1,0,0,1,0,1,2,1,3,0,0,0,1,1,1,1,3,2
"size",0,1,7,0,1,0,0,0,3,0,0,2,0,0,0,0,2,5,1,4,2,1
"slamming",0,2,4,0,0,1,1,2,0,0,1,0,2,0,0,0,0,2,3,4,0,0
"slows",0,1,0,3,0,0,2,2,0,0,0,1,1,2,0,1,1,2,3,1,0,1
"smash",0,1,5,0,1,3,2,0,0,0,24,0,1,0,0,9,0,2,3,0,0,2
"spent",0,1,1,0,1,1,1,0,2,0,0,1,0,0,1,0,0,0,0,2,1,0
"spits",0,3,0,4,0,0,3,1,0,1,0,1,1,0,0,0,1,1,3,0,0,1
"stays",0,2,6,2,0,0,1,0,0,0,0,1,1,0,0,1,0,2,1,1,0,0
"steam",0,1,1,1,1,1,0,1,1,0,0,4,0,0,0,0,2,0,1,4,0,0
"sticks",0,2,2,11,4,1,3,2,0,0,1,0,1,1,0,0,4,2,0,1,3,0
"stretches",0,1,1,1,3,0,0,2,1,1,1,1,0,0,0,1,1,2,0,0,0,0
"strike",0,1,3,2,1,2,1,0,1,0,1,2,2,0,0,0,0,0,2,1,1,1
"stumbles",0,1,5,0,2,2,1,2,1,1,4,1,2,2,1,2,5,0,0,0,0,3
"style",0,2,0,2,2,0,0,1,0,3,1,1,1,0,2,2,0,0,0,0,6,0
"supposed",0,3,4,0,0,5,0,3,0,5,0,1,2,5,2,3,2,3,6,2,0,5
"surprise",0,2,0,3,1,3,0,0,0,0,2,1,3,1,2,2,1,1,1,1,1,1
"surprised",0,2,3,4,0,4,0,1,0,0,5,6,3,0,1,7,0,3,1,3,3,0
"swear",0,1,0,0,0,1,2,0,0,1,3,0,0,1,0,1,0,1,3,0,1,0
"talks",0,1,4,0,1,0,4,0,1,3,1,7,1,1,1,5,0,2,3,3,2,0
"tape",0,2,1,0,0,7,2,1,0,0,1,3,4,0,0,0,0,0,0,3,2,0
"tear",0,4,3,2,2,0,0,0,1,1,0,1,1,0,2,1,0,2,1,1,1,3
"tearing",0,1,3,5,0,0,3,0,1,1,1,0,0,0,1,0,2,2,1,0,0,1
"till",0,7,2,0,0,2,0,0,1,1,0,0,0,1,1,1,9,1,0,0,10,0
"touches",0,2,14,4,0,0,0,0,1,2,2,4,0,1,0,1,5,2,4,1,3,2
"towards",0,8,1,3,6,0,7,0,12,3,2,8,7,24,1,0,0,5,24,0,14,1
"trip",0,1,1,2,0,0,1,1,0,1,0,0,0,2,3,3,2,3,0,1,0,1
"twelve",0,1,0,1,0,0,0,1,0,0,2,1,0,2,0,0,1,3,4,3,2,2
"upon",0,3,5,3,3,0,1,1,4,3,1,2,7,0,1,0,0,0,1,0,5,1
"valley",0,1,0,6,2,1,0,0,1,0,0,1,0,0,1,1,0,0,1,0,0,1
"vehicle",0,1,2,0,1,3,1,9,0,0,2,4,2,0,0,0,1,2,7,1,1,0
"voices",0,2,4,7,0,1,0,0,4,0,0,1,0,0,1,0,1,0,5,2,0,2
"warm",0,2,2,2,2,2,1,1,3,0,0,1,1,0,0,1,3,1,1,2,0,0
"ways",0,1,3,2,0,3,0,0,1,0,1,1,0,0,1,0,0,1,0,0,1,0
"wears",0,4,2,1,1,4,4,1,0,0,6,1,1,0,0,1,1,0,0,1,3,1
"werent",0,1,1,0,0,1,1,2,0,0,1,0,3,1,2,5,0,0,4,0,1,2
"whether",0,1,1,1,2,1,0,1,2,0,0,0,0,1,3,0,0,0,3,0,0,0
"whispering",0,2,3,0,0,6,1,0,1,0,0,0,1,0,1,2,5,0,1,3,1,0
"whoa",0,1,0,0,0,9,0,4,1,7,3,3,0,0,0,1,0,4,5,0,0,0
"whoever",0,2,0,0,1,1,1,0,0,1,0,1,0,0,0,0,1,5,0,2,0,3
"wounded",0,8,4,7,1,0,2,2,0,0,0,3,0,0,0,2,1,1,1,0,0,6
"write",0,1,0,3,0,0,0,0,0,0,2,0,1,2,15,1,2,0,0,3,7,0
"writes",0,2,0,1,0,0,4,0,0,1,5,0,0,0,3,1,0,1,0,0,1,1
"writing",0,2,0,4,0,0,1,1,0,0,9,0,1,4,11,0,0,3,1,2,1,2
"yelling",0,1,7,2,2,1,0,0,2,0,0,3,0,2,0,1,0,3,3,0,4,0
"yells",0,2,7,1,0,0,5,1,5,0,1,5,2,3,0,0,0,3,2,1,10,3
"arrive",0,0,1,0,0,1,0,0,0,0,0,4,0,1,0,1,4,1,4,0,2,1
"attack",0,0,10,1,0,0,1,0,2,0,4,4,3,0,0,3,0,0,1,9,0,0
"awkward",0,0,1,1,0,1,0,2,0,2,2,3,1,0,0,0,0,1,1,1,0,0
"bigger",0,0,1,3,1,2,1,0,0,0,1,2,1,0,0,0,1,2,1,1,0,1
"blade",0,0,6,2,0,1,1,0,1,1,1,6,1,2,0,0,3,0,0,0,3,0
"books",0,0,1,0,1,1,1,0,1,0,10,0,3,0,4,1,0,1,0,6,1,0
"cell",0,0,4,1,8,7,1,0,0,0,15,16,1,0,0,11,1,1,24,0,0,0
"clicks",0,0,1,1,0,0,0,0,0,0,2,0,5,2,0,2,1,2,5,0,3,1
"confusion",0,0,2,1,0,1,0,0,1,0,0,0,1,0,0,0,2,0,2,4,1,1
"contd",0,0,4,0,0,7,0,0,93,0,1,87,45,33,88,1,68,86,95,54,0,0
"cries",0,0,3,6,2,0,3,1,1,0,0,3,1,1,0,0,0,1,2,0,2,0
"destroy",0,0,3,0,4,1,0,0,0,0,4,4,0,0,0,0,1,2,0,1,1,2
"doin",0,0,1,0,0,0,4,17,2,1,0,0,2,0,0,0,0,1,1,0,3,1
"duck",0,0,1,3,1,0,0,0,0,0,2,2,0,0,0,0,1,1,3,0,1,2
"eggs",0,0,2,1,0,0,2,5,2,5,0,0,1,1,0,0,3,0,0,0,1,0
"evil",0,0,1,0,249,2,1,0,1,1,2,4,2,0,0,0,0,0,0,0,2,0
"forgive",0,0,3,1,1,0,2,0,0,5,0,1,1,0,1,1,0,0,0,2,1,0
"furiously",0,0,9,2,0,0,1,0,0,0,2,2,0,0,0,0,0,1,1,2,1,1
"general",0,0,1,14,0,1,1,2,0,0,1,51,0,1,0,0,0,2,7,8,15,13
"gentlemen",0,0,1,0,7,1,1,0,0,1,0,0,1,0,0,0,3,2,0,4,9,0
"glancing",0,0,1,3,0,0,0,0,2,0,0,1,0,0,0,1,2,1,1,6,0,3
"grows",0,0,3,2,0,1,0,1,0,1,2,1,1,0,0,1,2,0,3,2,0,4
"heavily",0,0,4,1,2,0,1,2,0,0,0,1,0,0,0,2,3,2,0,1,0,3
"helmet",0,0,2,1,2,0,1,0,0,7,0,8,0,0,0,0,6,0,1,1,2,2
"hide",0,0,3,3,0,1,1,1,0,1,0,2,1,1,0,3,2,0,1,1,3,0
"hops",0,0,1,4,2,0,1,0,1,2,1,0,1,0,0,0,3,1,2,0,0,1
"hungry",0,0,1,3,2,0,1,2,4,1,0,1,2,1,0,3,2,0,1,0,0,0
"hunting",0,0,1,1,0,0,0,1,0,0,3,2,5,1,1,5,0,0,0,1,0,2
"hurry",0,0,2,3,0,4,4,0,0,2,3,7,2,0,1,1,0,2,4,4,1,4
"indicates",0,0,2,4,1,0,0,2,1,0,0,3,0,0,0,0,3,2,0,1,3,0
"knowing",0,0,2,2,0,0,3,0,0,0,0,4,2,0,0,0,0,1,3,1,6,2
"larger",0,0,5,1,2,0,1,0,1,1,1,2,0,0,0,0,1,3,1,1,0,0
"learn",0,0,16,1,0,1,1,0,5,2,1,1,0,0,4,0,0,2,0,0,2,2
"lines",0,0,1,5,0,0,1,0,0,0,2,2,1,3,1,0,2,1,0,0,4,3
"meat",0,0,5,16,1,0,3,0,1,0,2,3,0,1,0,0,2,1,0,0,1,0
"memory",0,0,2,1,0,0,1,0,1,0,17,0,0,0,0,2,0,6,2,2,2,0
"narrow",0,0,2,1,0,5,1,0,1,0,0,7,1,0,0,1,4,0,2,1,1,3
"officers",0,0,1,9,0,1,3,1,0,0,3,6,2,0,0,0,0,2,5,4,16,5
"older",0,0,1,5,0,0,7,4,0,0,4,2,3,0,0,1,0,2,0,0,5,2
"outer",0,0,4,0,1,0,0,0,1,0,2,2,1,0,0,0,26,1,4,2,0,0
"particular",0,0,1,2,0,2,1,2,0,0,1,1,0,2,0,0,0,3,0,0,0,2
"passed",0,0,1,5,0,0,1,2,3,1,2,2,3,0,0,0,0,0,0,3,2,0
"placed",0,0,2,2,2,0,0,0,0,1,0,2,2,1,1,1,0,0,0,0,2,0
"prepare",0,0,1,1,1,0,1,0,0,0,0,3,0,0,0,1,0,0,1,5,1,5
"presence",0,0,3,3,0,0,1,0,0,0,2,1,1,0,0,0,1,1,1,1,2,1
"progress",0,0,2,2,1,0,0,0,0,0,1,1,3,0,5,0,1,1,3,1,1,3
"pump",0,0,1,0,1,1,3,0,0,0,0,1,0,1,0,1,4,2,0,2,2,0
"realizing",0,0,3,2,1,2,0,0,0,0,0,4,2,0,1,3,0,2,1,2,0,0
"replaced",0,0,2,1,1,1,0,0,0,0,0,2,0,1,0,1,0,1,3,0,1,1
"respect",0,0,2,0,3,1,7,2,2,1,0,1,0,0,2,0,0,1,2,0,4,0
"scattered",0,0,1,0,0,0,1,0,1,0,0,2,1,1,0,1,2,0,1,1,0,1
"search",0,0,1,1,0,1,0,1,0,0,1,3,3,2,0,1,2,0,0,0,3,0
"sending",0,0,2,2,0,1,1,0,0,0,1,1,2,0,0,1,2,3,0,0,1,6
"settle",0,0,1,3,1,2,0,0,2,1,0,0,0,0,2,0,1,0,0,0,1,4
"sheet",0,0,1,1,1,1,0,0,1,4,1,2,0,10,1,1,0,3,2,1,2,2
"shift",0,0,1,3,1,0,0,1,0,0,2,0,2,0,0,1,0,0,9,2,0,1
"ship",0,0,17,1,1,0,0,1,9,0,0,74,0,1,0,0,103,15,0,34,1,4
"simply",0,0,1,0,1,0,0,0,0,0,1,1,1,0,0,1,0,2,1,0,12,3
"situation",0,0,1,0,1,0,2,0,0,2,3,1,1,2,3,1,0,1,5,2,3,4
"song",0,0,1,1,4,0,5,0,8,3,0,0,1,0,1,0,0,0,3,0,0,1
"soul",0,0,2,2,3,0,1,0,2,0,1,0,2,1,1,0,0,0,1,1,0,0
"star",0,0,3,2,4,20,1,0,2,1,2,39,2,0,0,1,1,3,1,0,9,0
"starting",0,0,4,3,2,1,0,2,2,1,0,0,3,0,1,0,5,4,4,2,0,1
"storm",0,0,1,4,0,0,1,1,2,0,0,3,1,5,0,2,6,0,0,7,0,1
"studying",0,0,1,0,0,1,1,1,0,0,0,1,0,0,1,3,3,3,0,1,0,2
"taps",0,0,4,1,1,1,0,2,3,0,2,0,1,2,0,0,2,2,1,0,0,0
"teacher",0,0,1,0,5,0,8,0,17,0,1,1,4,0,0,2,0,1,2,0,0,1
"touching",0,0,5,1,1,0,0,0,0,0,2,2,1,0,0,1,1,1,0,0,1,0
"woods",0,0,3,1,2,0,0,0,0,5,16,5,0,0,0,11,0,3,0,0,6,5
"worlds",0,0,3,0,1,0,0,0,2,0,0,0,0,0,1,1,0,21,1,1,1,1
"amount",0,0,0,1,0,2,1,2,1,0,0,2,0,0,0,0,4,0,2,1,0,1
"captain",0,0,0,6,3,0,3,0,1,2,0,18,37,0,0,1,1,0,0,90,1,103
"cmon",0,0,0,1,4,2,0,1,0,0,1,1,8,0,1,1,0,3,0,0,0,1
"forever",0,0,0,1,1,2,2,0,1,1,1,4,1,0,0,1,0,0,0,2,0,1
"games",0,0,0,1,2,0,1,1,0,1,0,0,1,2,0,1,0,0,3,0,0,1
"however",0,0,0,5,2,1,0,1,0,1,1,0,1,0,0,0,1,0,1,0,16,0
"impossible",0,0,0,1,1,2,0,0,2,0,0,3,0,1,0,2,3,0,2,1,0,0
"mess",0,0,0,2,0,5,1,0,0,2,2,2,3,1,0,2,2,3,0,4,0,2
"named",0,0,0,2,3,0,1,0,0,1,0,0,0,1,3,0,0,0,1,2,7,2
"north",0,0,0,1,0,0,1,3,0,0,0,1,0,1,0,0,0,2,1,6,1,2
"perhaps",0,0,0,9,7,0,0,1,1,0,1,3,0,2,5,0,1,0,1,8,1,0
"wanna",0,0,0,2,0,0,14,5,3,7,4,3,8,0,0,2,0,3,6,0,6,1
"yesterday",0,0,0,1,0,0,1,1,0,1,1,0,2,1,1,0,0,1,3,0,1,0
"american",0,0,0,0,2,0,5,0,0,0,0,0,0,1,7,1,0,1,2,10,17,24
"marked",0,0,0,0,2,0,1,0,0,1,7,3,2,0,0,0,0,1,5,3,4,0
"shall",0,0,0,0,1,3,0,0,0,6,0,3,0,2,1,1,0,1,1,2,2,1
"whered",0,0,0,0,0,1,1,2,1,0,1,3,1,0,0,1,0,0,2,1,0,0
"worried",0,0,0,0,0,1,4,0,1,1,1,3,2,0,0,4,1,2,1,0,0,2
"wonderful",0,0,0,0,0,0,1,1,0,2,1,1,0,1,5,2,0,1,2,0,2,1
